intent,response_kind,message_id,model,tool_use_names,usage_cache_creation,usage_cache_creation_input_tokens,usage_cache_read_input_tokens,usage_input_tokens,usage_output_tokens,usage_server_tool_use,usage_service_tier,policy_status
"Create a slice to support video journalists transmitting live footage from a downtown area, allowing up to 40 devices with downstream rates of 120 Mbps per device and a packet delay budget of 15 ms to keep streams smooth.",intent_processing,msg_014himmC3npm3AnjZad7cMVn,claude-opus-4-5-20251101,create_session,"CacheCreation(ephemeral_1h_input_tokens=0, ephemeral_5m_input_tokens=0)",0,0,7220,178,,standard,Policy created successfully
"Create a slice to support video journalists transmitting live footage from a downtown area, allowing up to 40 devices with downstream rates of 120 Mbps per device and a packet delay budget of 15 ms to keep streams smooth.",type_definition,msg_0183QmqHWMwJekhVeEupD4di,claude-opus-4-5-20251101,,"CacheCreation(ephemeral_1h_input_tokens=0, ephemeral_5m_input_tokens=0)",0,0,310,7,,standard,Policy created successfully
"Provision a slice for a university campus event where attendees will upload and stream media, targeting uplink rates of 50 Mbps per device and downstream rates of 100 Mbps with latency capped at 20 ms.",intent_processing,msg_01K6y5vNoDvzPfmE4YaHzjBH,claude-opus-4-5-20251101,create_session,"CacheCreation(ephemeral_1h_input_tokens=0, ephemeral_5m_input_tokens=0)",0,0,8016,198,,standard,Policy created successfully
"Provision a slice for a university campus event where attendees will upload and stream media, targeting uplink rates of 50 Mbps per device and downstream rates of 100 Mbps with latency capped at 20 ms.",type_definition,msg_017MGY8c9pVY2bygVoHbMSHd,claude-opus-4-5-20251101,,"CacheCreation(ephemeral_1h_input_tokens=0, ephemeral_5m_input_tokens=0)",0,0,312,7,,standard,Policy created successfully
"Set up a slice for a shopping mall to improve customer mobile experience, supporting 300 devices with downstream speeds of 80 Mbps per device and a packet delay budget of 25 ms.",intent_processing,msg_01Q4zFumx7k3RuX7Xvv3TTmv,claude-opus-4-5-20251101,create_session,"CacheCreation(ephemeral_1h_input_tokens=0, ephemeral_5m_input_tokens=0)",0,0,8869,171,,standard,Policy created successfully
"Set up a slice for a shopping mall to improve customer mobile experience, supporting 300 devices with downstream speeds of 80 Mbps per device and a packet delay budget of 25 ms.",type_definition,msg_01P11TsDPrCUPi2X9GsSPrUs,claude-opus-4-5-20251101,,"CacheCreation(ephemeral_1h_input_tokens=0, ephemeral_5m_input_tokens=0)",0,0,302,7,,standard,Policy created successfully
"Deploy a slice for a media production crew using AR headsets, requiring downstream throughput of 300 Mbps per device and latency not exceeding 10 ms.",intent_processing,msg_0162rDa6zJ1WWPkoAzejNPxH,claude-opus-4-5-20251101,create_session,"CacheCreation(ephemeral_1h_input_tokens=0, ephemeral_5m_input_tokens=0)",0,0,9643,179,,standard,Policy created successfully
"Deploy a slice for a media production crew using AR headsets, requiring downstream throughput of 300 Mbps per device and latency not exceeding 10 ms.",type_definition,msg_01NtqsDMRD8Qu3QyozxCe1GM,claude-opus-4-5-20251101,,"CacheCreation(ephemeral_1h_input_tokens=0, ephemeral_5m_input_tokens=0)",0,0,297,7,,standard,Policy created successfully
"Establish a slice for commuters in a busy train station, optimized for high-capacity browsing with support for 500 devices and downstream rates of 60 Mbps per device.",intent_processing,msg_01V4WLiSsqM3Ys1g6jfJiGfR,claude-opus-4-5-20251101,create_session,"CacheCreation(ephemeral_1h_input_tokens=0, ephemeral_5m_input_tokens=0)",0,0,10427,163,,standard,Policy created successfully
"Establish a slice for commuters in a busy train station, optimized for high-capacity browsing with support for 500 devices and downstream rates of 60 Mbps per device.",type_definition,msg_01Liidg9JQhmfNPeX9iHQUM4,claude-opus-4-5-20251101,,"CacheCreation(ephemeral_1h_input_tokens=0, ephemeral_5m_input_tokens=0)",0,0,301,7,,standard,Policy created successfully
"Create a slice for a sports arena during live matches, prioritizing user experience with 150 Mbps downstream per device and packet delay budget of 15 ms.",intent_processing,msg_01GvAqR9QF7jpjWfndUQ1nb6,claude-opus-4-5-20251101,create_session,"CacheCreation(ephemeral_1h_input_tokens=0, ephemeral_5m_input_tokens=0)",0,0,11168,177,,standard,Policy created successfully
"Create a slice for a sports arena during live matches, prioritizing user experience with 150 Mbps downstream per device and packet delay budget of 15 ms.",type_definition,msg_01Ps9A2UrjDWjKTkXKkSD7TH,claude-opus-4-5-20251101,,"CacheCreation(ephemeral_1h_input_tokens=0, ephemeral_5m_input_tokens=0)",0,0,295,7,,standard,Policy created successfully
"Provision a slice for an outdoor music festival where attendees share video clips, allowing up to 800 devices with uplink rates of 40 Mbps per device.",intent_processing,msg_01UMDKHL7Da7iiG5qm57tDYQ,claude-opus-4-5-20251101,create_session,"CacheCreation(ephemeral_1h_input_tokens=0, ephemeral_5m_input_tokens=0)",0,0,11954,161,,standard,Policy created successfully
"Provision a slice for an outdoor music festival where attendees share video clips, allowing up to 800 devices with uplink rates of 40 Mbps per device.",type_definition,msg_011PqFRnTDV8eRmc5xp2qcN5,claude-opus-4-5-20251101,,"CacheCreation(ephemeral_1h_input_tokens=0, ephemeral_5m_input_tokens=0)",0,0,297,7,,standard,Policy created successfully
"Design a slice for a business district to support cloud-based applications, targeting 100 Mbps downstream per device and latency around 20 ms.",intent_processing,msg_01RtHyd5FCxFB6dT9BzUibnW,claude-opus-4-5-20251101,create_session,"CacheCreation(ephemeral_1h_input_tokens=0, ephemeral_5m_input_tokens=0)",0,0,12689,178,,standard,Policy created successfully
"Design a slice for a business district to support cloud-based applications, targeting 100 Mbps downstream per device and latency around 20 ms.",type_definition,msg_01MzCHBviDJCu9aZNfesRqVd,claude-opus-4-5-20251101,,"CacheCreation(ephemeral_1h_input_tokens=0, ephemeral_5m_input_tokens=0)",0,0,293,7,,standard,Policy created successfully
"Deploy a slice for a convention center hosting tech demos, supporting 200 devices with 200 Mbps downstream rates and packet delay budget of 10 ms.",intent_processing,msg_01692hhGXPaAG7rtzNRBBTWG,claude-opus-4-5-20251101,create_session,"CacheCreation(ephemeral_1h_input_tokens=0, ephemeral_5m_input_tokens=0)",0,0,13468,177,,standard,Policy created successfully
"Deploy a slice for a convention center hosting tech demos, supporting 200 devices with 200 Mbps downstream rates and packet delay budget of 10 ms.",type_definition,msg_017AJZdbtBL6uKoMKmquN67K,claude-opus-4-5-20251101,,"CacheCreation(ephemeral_1h_input_tokens=0, ephemeral_5m_input_tokens=0)",0,0,295,7,,standard,Policy created successfully
"Create a slice to enhance mobile broadband along a highway corridor, ensuring downstream speeds of 90 Mbps per device and latency below 30 ms.",intent_processing,msg_01YPA6C9KnNpC2tRzL599VwT,claude-opus-4-5-20251101,create_session,"CacheCreation(ephemeral_1h_input_tokens=0, ephemeral_5m_input_tokens=0)",0,0,14247,176,,standard,Policy created successfully
"Create a slice to enhance mobile broadband along a highway corridor, ensuring downstream speeds of 90 Mbps per device and latency below 30 ms.",type_definition,msg_01ENYaU73TWjK9wCRP6j7ZDA,claude-opus-4-5-20251101,,"CacheCreation(ephemeral_1h_input_tokens=0, ephemeral_5m_input_tokens=0)",0,0,294,7,,standard,Policy created successfully
"Provision a slice for a public square with heavy social media usage, supporting 600 devices and uplink rates of 35 Mbps per device.",intent_processing,msg_01NQBLZsKyUvHPxk242EMFGb,claude-opus-4-5-20251101,create_session,"CacheCreation(ephemeral_1h_input_tokens=0, ephemeral_5m_input_tokens=0)",0,0,15018,165,,standard,Policy created successfully
"Provision a slice for a public square with heavy social media usage, supporting 600 devices and uplink rates of 35 Mbps per device.",type_definition,msg_01P43SVjohaBCftJgo7HaMWv,claude-opus-4-5-20251101,,"CacheCreation(ephemeral_1h_input_tokens=0, ephemeral_5m_input_tokens=0)",0,0,293,7,,standard,Policy created successfully
"Establish a slice for corporate offices using cloud desktops, with 120 Mbps downstream per device and packet delay budget of 15 ms.",intent_processing,msg_012zwXJZdrQAFn6sHAzbpR2Q,claude-opus-4-5-20251101,create_session,"CacheCreation(ephemeral_1h_input_tokens=0, ephemeral_5m_input_tokens=0)",0,0,15761,182,,standard,Policy created successfully
"Establish a slice for corporate offices using cloud desktops, with 120 Mbps downstream per device and packet delay budget of 15 ms.",type_definition,msg_01Y8t784aqHEYka4xyp8rSJX,claude-opus-4-5-20251101,,"CacheCreation(ephemeral_1h_input_tokens=0, ephemeral_5m_input_tokens=0)",0,0,293,7,,standard,Policy created successfully
"Set up a slice for remote training sessions using VR, requiring 500 Mbps downstream per device and latency capped at 8 ms.",intent_processing,msg_01VBG56iQopTQp9DoNtYFmAb,claude-opus-4-5-20251101,create_session,"CacheCreation(ephemeral_1h_input_tokens=0, ephemeral_5m_input_tokens=0)",0,0,16546,182,,standard,Policy created successfully
"Set up a slice for remote training sessions using VR, requiring 500 Mbps downstream per device and latency capped at 8 ms.",type_definition,msg_01K1pypse8z8B1pn8RtxBoCW,claude-opus-4-5-20251101,,"CacheCreation(ephemeral_1h_input_tokens=0, ephemeral_5m_input_tokens=0)",0,0,293,7,,standard,Policy created successfully
"Create a slice for a harbor area supporting logistics staff tablets, allowing 150 devices with downstream rates of 70 Mbps.",intent_processing,msg_01QvaW9CDcbjDbQWdiXQWBLh,claude-opus-4-5-20251101,create_session,"CacheCreation(ephemeral_1h_input_tokens=0, ephemeral_5m_input_tokens=0)",0,0,17326,161,,standard,Policy created successfully
"Create a slice for a harbor area supporting logistics staff tablets, allowing 150 devices with downstream rates of 70 Mbps.",type_definition,msg_019qn1fZGC9jWBkaDiMptJGC,claude-opus-4-5-20251101,,"CacheCreation(ephemeral_1h_input_tokens=0, ephemeral_5m_input_tokens=0)",0,0,288,7,,standard,Policy created successfully
"Deploy a slice for tourists in a historical district, optimized for media consumption with 80 Mbps downstream per device and 25 ms latency.",intent_processing,msg_01PDJPLttwfH5s9wyRVmTxzM,claude-opus-4-5-20251101,create_session,"CacheCreation(ephemeral_1h_input_tokens=0, ephemeral_5m_input_tokens=0)",0,0,18063,177,,standard,Policy created successfully
"Deploy a slice for tourists in a historical district, optimized for media consumption with 80 Mbps downstream per device and 25 ms latency.",type_definition,msg_012yMaZuioaynMytarQ8GJFF,claude-opus-4-5-20251101,,"CacheCreation(ephemeral_1h_input_tokens=0, ephemeral_5m_input_tokens=0)",0,0,293,7,,standard,Policy created successfully
"Provision a slice for a TV broadcast van zone, prioritizing uplink capacity of 200 Mbps per device and packet delay budget of 12 ms.",intent_processing,msg_01HLF1nseAekbhnxGUR2EcgU,claude-opus-4-5-20251101,create_session,"CacheCreation(ephemeral_1h_input_tokens=0, ephemeral_5m_input_tokens=0)",0,0,18843,177,,standard,Policy created successfully
"Provision a slice for a TV broadcast van zone, prioritizing uplink capacity of 200 Mbps per device and packet delay budget of 12 ms.",type_definition,msg_01GTktCDjddg8YhontXo2uAC,claude-opus-4-5-20251101,,"CacheCreation(ephemeral_1h_input_tokens=0, ephemeral_5m_input_tokens=0)",0,0,295,7,,standard,Policy created successfully
"Establish a slice for co-working spaces, supporting 250 devices with downstream speeds of 100 Mbps per device.",intent_processing,msg_01BNmN8NkPKkb3aE5qX1FaGs,claude-opus-4-5-20251101,create_session,"CacheCreation(ephemeral_1h_input_tokens=0, ephemeral_5m_input_tokens=0)",0,0,19613,161,,standard,Policy created successfully
"Establish a slice for co-working spaces, supporting 250 devices with downstream speeds of 100 Mbps per device.",type_definition,msg_01Puteuq9PiHDS6ehBGD2phr,claude-opus-4-5-20251101,,"CacheCreation(ephemeral_1h_input_tokens=0, ephemeral_5m_input_tokens=0)",0,0,288,7,,standard,Policy created successfully
"Create a slice for a retail analytics platform using video feeds, requiring 150 Mbps downstream and latency below 20 ms.",intent_processing,msg_01PStCUnGNM5ErF7bwSCARiV,claude-opus-4-5-20251101,create_session,"CacheCreation(ephemeral_1h_input_tokens=0, ephemeral_5m_input_tokens=0)",0,0,20344,176,,standard,Policy created successfully
"Create a slice for a retail analytics platform using video feeds, requiring 150 Mbps downstream and latency below 20 ms.",type_definition,msg_015zYgsxdDo7pae2Ygk31DYc,claude-opus-4-5-20251101,,"CacheCreation(ephemeral_1h_input_tokens=0, ephemeral_5m_input_tokens=0)",0,0,289,7,,standard,Policy created successfully
"Deploy a slice for mobile gaming users in a city park, targeting 120 Mbps downstream per device and 10 ms latency.",intent_processing,msg_018qt5XgH4ppZuZBnCZpKU9p,claude-opus-4-5-20251101,create_session,"CacheCreation(ephemeral_1h_input_tokens=0, ephemeral_5m_input_tokens=0)",0,0,21114,182,,standard,Policy created successfully
"Deploy a slice for mobile gaming users in a city park, targeting 120 Mbps downstream per device and 10 ms latency.",type_definition,msg_01QTRwkiLzSGqjkgYqJYfjF4,claude-opus-4-5-20251101,,"CacheCreation(ephemeral_1h_input_tokens=0, ephemeral_5m_input_tokens=0)",0,0,290,7,,standard,Policy created successfully
"Provision a slice for financial traders on the move, with 90 Mbps downstream per device and packet delay budget of 10 ms.",intent_processing,msg_01LKkDqKebmJV9wU9FYTEYbE,claude-opus-4-5-20251101,create_session,"CacheCreation(ephemeral_1h_input_tokens=0, ephemeral_5m_input_tokens=0)",0,0,21893,179,,standard,Policy created successfully
"Provision a slice for financial traders on the move, with 90 Mbps downstream per device and packet delay budget of 10 ms.",type_definition,msg_01Nx4rFdCdzakBnchNGGsoHL,claude-opus-4-5-20251101,,"CacheCreation(ephemeral_1h_input_tokens=0, ephemeral_5m_input_tokens=0)",0,0,291,7,,standard,Policy created successfully
"Create a slice to control autonomous delivery robots in an industrial zone, requiring packet delay budget of 3 ms and uplink rates of 20 Mbps per device.",intent_processing,msg_01Jdj2Ds2Rr3hjCJFVSqYs1X,claude-opus-4-5-20251101,create_session,"CacheCreation(ephemeral_1h_input_tokens=0, ephemeral_5m_input_tokens=0)",0,0,22674,182,,standard,Policy created successfully
"Create a slice to control autonomous delivery robots in an industrial zone, requiring packet delay budget of 3 ms and uplink rates of 20 Mbps per device.",type_definition,msg_017QHrKtS1T2EnXPF4Tr8Ax7,claude-opus-4-5-20251101,,"CacheCreation(ephemeral_1h_input_tokens=0, ephemeral_5m_input_tokens=0)",0,0,296,7,,standard,Policy created successfully
"Provision a slice for drone traffic management, supporting 60 devices with latency capped at 5 ms and downstream rates of 30 Mbps.",intent_processing,msg_016L6oTRytuS1BFX3tN8xjhL,claude-opus-4-5-20251101,create_session,"CacheCreation(ephemeral_1h_input_tokens=0, ephemeral_5m_input_tokens=0)",0,0,23464,178,,standard,Policy created successfully
"Provision a slice for drone traffic management, supporting 60 devices with latency capped at 5 ms and downstream rates of 30 Mbps.",type_definition,msg_01U5kjG3McHvAT97qbeSHeDh,claude-opus-4-5-20251101,,"CacheCreation(ephemeral_1h_input_tokens=0, ephemeral_5m_input_tokens=0)",0,0,295,7,,standard,Policy created successfully
"Establish a slice for automated guided vehicles in a factory, prioritizing ultra-low latency of 2 ms and uplink throughput of 25 Mbps.",intent_processing,msg_01EAJ2K1VX9KT1LrgTsiFx6v,claude-opus-4-5-20251101,create_session,"CacheCreation(ephemeral_1h_input_tokens=0, ephemeral_5m_input_tokens=0)",0,0,24239,185,,standard,Policy created successfully
"Establish a slice for automated guided vehicles in a factory, prioritizing ultra-low latency of 2 ms and uplink throughput of 25 Mbps.",type_definition,msg_01Ee6xg55uA1KVagmABycWoW,claude-opus-4-5-20251101,,"CacheCreation(ephemeral_1h_input_tokens=0, ephemeral_5m_input_tokens=0)",0,0,297,7,,standard,Policy created successfully
"Deploy a slice for remote crane operation at a port, requiring 1 ms packet delay budget and 50 Mbps downstream per device.",intent_processing,msg_016ZRseR6zbYKNXRsryhToKt,claude-opus-4-5-20251101,create_session,"CacheCreation(ephemeral_1h_input_tokens=0, ephemeral_5m_input_tokens=0)",0,0,25019,185,,standard,Policy created successfully
"Deploy a slice for remote crane operation at a port, requiring 1 ms packet delay budget and 50 Mbps downstream per device.",type_definition,msg_01AtZ4dEyG7BcxvDiq2udqw5,claude-opus-4-5-20251101,,"CacheCreation(ephemeral_1h_input_tokens=0, ephemeral_5m_input_tokens=0)",0,0,290,7,,standard,Policy created successfully
"Create a slice for railway signaling systems, supporting 120 devices with latency not exceeding 4 ms.",intent_processing,msg_012H28ENYmjKLrbghsJZqQqQ,claude-opus-4-5-20251101,create_session,"CacheCreation(ephemeral_1h_input_tokens=0, ephemeral_5m_input_tokens=0)",0,0,25797,180,,standard,Policy created successfully
"Create a slice for railway signaling systems, supporting 120 devices with latency not exceeding 4 ms.",type_definition,msg_012VgVZJhmh6wUWKT5SL3bBr,claude-opus-4-5-20251101,,"CacheCreation(ephemeral_1h_input_tokens=0, ephemeral_5m_input_tokens=0)",0,0,285,7,,standard,Policy created successfully
"Provision a slice for emergency response vehicle coordination, targeting uplink rates of 40 Mbps and latency under 5 ms.",intent_processing,msg_01ThU2nV2jsBhBAdH9DHz6JW,claude-opus-4-5-20251101,create_session,"CacheCreation(ephemeral_1h_input_tokens=0, ephemeral_5m_input_tokens=0)",0,0,26572,180,,standard,Policy created successfully
"Provision a slice for emergency response vehicle coordination, targeting uplink rates of 40 Mbps and latency under 5 ms.",type_definition,msg_01W2AsDT3xXD51k1o4qQ33Gd,claude-opus-4-5-20251101,,"CacheCreation(ephemeral_1h_input_tokens=0, ephemeral_5m_input_tokens=0)",0,0,290,7,,standard,Policy created successfully
"Establish a slice for robotic assembly lines, requiring downstream rates of 60 Mbps per device and packet delay budget of 3 ms.",intent_processing,msg_0123VFgeUKU4joJcoJiYDWLA,claude-opus-4-5-20251101,create_session,"CacheCreation(ephemeral_1h_input_tokens=0, ephemeral_5m_input_tokens=0)",0,0,27357,179,,standard,Policy created successfully
"Establish a slice for robotic assembly lines, requiring downstream rates of 60 Mbps per device and packet delay budget of 3 ms.",type_definition,msg_01TM7B1ExZRUhcdS1GumTDEn,claude-opus-4-5-20251101,,"CacheCreation(ephemeral_1h_input_tokens=0, ephemeral_5m_input_tokens=0)",0,0,292,7,,standard,Policy created successfully
"Deploy a slice for power grid protection relays, supporting 300 devices with latency capped at 4 ms.",intent_processing,msg_011khmLGzng5S7X3vLcko6GM,claude-opus-4-5-20251101,create_session,"CacheCreation(ephemeral_1h_input_tokens=0, ephemeral_5m_input_tokens=0)",0,0,28128,182,,standard,Policy created successfully
"Deploy a slice for power grid protection relays, supporting 300 devices with latency capped at 4 ms.",type_definition,msg_01RUjgAvLyFXA1esbcJn2Nxj,claude-opus-4-5-20251101,,"CacheCreation(ephemeral_1h_input_tokens=0, ephemeral_5m_input_tokens=0)",0,0,286,7,,standard,Policy created successfully
"Create a slice for autonomous bus control systems, allowing 80 devices with latency below 5 ms and uplink rates of 30 Mbps.",intent_processing,msg_01DQT5pjLr4PQBjz25JiGy2o,claude-opus-4-5-20251101,create_session,"CacheCreation(ephemeral_1h_input_tokens=0, ephemeral_5m_input_tokens=0)",0,0,28911,182,,standard,Policy created successfully
"Create a slice for autonomous bus control systems, allowing 80 devices with latency below 5 ms and uplink rates of 30 Mbps.",type_definition,msg_01JY6zE16hM8PWwC9GcbQRQT,claude-opus-4-5-20251101,,"CacheCreation(ephemeral_1h_input_tokens=0, ephemeral_5m_input_tokens=0)",0,0,294,7,,standard,Policy created successfully
"Provision a slice for real-time traffic light coordination, requiring 10 Mbps uplink per device and packet delay budget of 6 ms.",intent_processing,msg_013h4HRTVXqowr16ifXAGGU5,claude-opus-4-5-20251101,create_session,"CacheCreation(ephemeral_1h_input_tokens=0, ephemeral_5m_input_tokens=0)",0,0,29699,180,,standard,Policy created successfully
"Provision a slice for real-time traffic light coordination, requiring 10 Mbps uplink per device and packet delay budget of 6 ms.",type_definition,msg_01DJeTiyy5qxQjs8GZdP46Tj,claude-opus-4-5-20251101,,"CacheCreation(ephemeral_1h_input_tokens=0, ephemeral_5m_input_tokens=0)",0,0,293,7,,standard,Policy created successfully
"Establish a slice for remote medical equipment monitoring, prioritizing latency of 5 ms and downstream rates of 25 Mbps.",intent_processing,msg_01QeVpLGnAuVHsgFmYBdFiuE,claude-opus-4-5-20251101,create_session,"CacheCreation(ephemeral_1h_input_tokens=0, ephemeral_5m_input_tokens=0)",0,0,30472,177,,standard,Policy created successfully
"Establish a slice for remote medical equipment monitoring, prioritizing latency of 5 ms and downstream rates of 25 Mbps.",type_definition,msg_01JpQPEN7jRQq1aUXoFsonNC,claude-opus-4-5-20251101,,"CacheCreation(ephemeral_1h_input_tokens=0, ephemeral_5m_input_tokens=0)",0,0,290,7,,standard,Policy created successfully
"Deploy a slice for collaborative industrial robots, supporting 50 devices with latency capped at 2 ms.",intent_processing,msg_01JLwwimZZPRQ8NT5mhPpjTe,claude-opus-4-5-20251101,create_session,"CacheCreation(ephemeral_1h_input_tokens=0, ephemeral_5m_input_tokens=0)",0,0,31235,180,,standard,Policy created successfully
"Deploy a slice for collaborative industrial robots, supporting 50 devices with latency capped at 2 ms.",type_definition,msg_01A81nAwF9bWmpe9GpF4GzKh,claude-opus-4-5-20251101,,"CacheCreation(ephemeral_1h_input_tokens=0, ephemeral_5m_input_tokens=0)",0,0,284,7,,standard,Policy created successfully
"Create a slice for precision agriculture machinery control, requiring uplink rates of 20 Mbps and packet delay budget of 7 ms.",intent_processing,msg_01VMjGUuEPgzvzKRNmJuqMtf,claude-opus-4-5-20251101,create_session,"CacheCreation(ephemeral_1h_input_tokens=0, ephemeral_5m_input_tokens=0)",0,0,32014,179,,standard,Policy created successfully
"Create a slice for precision agriculture machinery control, requiring uplink rates of 20 Mbps and packet delay budget of 7 ms.",type_definition,msg_01V7eHmpL8YwYvkbe8aVbj9x,claude-opus-4-5-20251101,,"CacheCreation(ephemeral_1h_input_tokens=0, ephemeral_5m_input_tokens=0)",0,0,290,7,,standard,Policy created successfully
"Provision a slice for automated warehouse sorting systems, allowing 150 devices with latency under 5 ms.",intent_processing,msg_012WDhy5gZvttgvQfW42HNqK,claude-opus-4-5-20251101,create_session,"CacheCreation(ephemeral_1h_input_tokens=0, ephemeral_5m_input_tokens=0)",0,0,32780,178,,standard,Policy created successfully
"Provision a slice for automated warehouse sorting systems, allowing 150 devices with latency under 5 ms.",type_definition,msg_01TLXwhG4SdAYEw3Wfe4UgHt,claude-opus-4-5-20251101,,"CacheCreation(ephemeral_1h_input_tokens=0, ephemeral_5m_input_tokens=0)",0,0,284,7,,standard,Policy created successfully
"Establish a slice for tunnel safety systems, supporting 400 devices with latency capped at 6 ms.",intent_processing,msg_01V3u92KLYVTEyrbWwLhnnBu,claude-opus-4-5-20251101,create_session,"CacheCreation(ephemeral_1h_input_tokens=0, ephemeral_5m_input_tokens=0)",0,0,33546,179,,standard,Policy created successfully
"Establish a slice for tunnel safety systems, supporting 400 devices with latency capped at 6 ms.",type_definition,msg_01F6NBLJT5xLc363nXzv2Kaf,claude-opus-4-5-20251101,,"CacheCreation(ephemeral_1h_input_tokens=0, ephemeral_5m_input_tokens=0)",0,0,285,7,,standard,Policy created successfully
"Deploy a slice for real-time video feedback in remote inspections, requiring 80 Mbps downstream per device and latency of 5 ms.",intent_processing,msg_01FwRHS3hV18nuRwaqGg6QVr,claude-opus-4-5-20251101,create_session,"CacheCreation(ephemeral_1h_input_tokens=0, ephemeral_5m_input_tokens=0)",0,0,34327,184,,standard,Policy created successfully
"Deploy a slice for real-time video feedback in remote inspections, requiring 80 Mbps downstream per device and latency of 5 ms.",type_definition,msg_01DkPVTXnciX7aPLooftriSx,claude-opus-4-5-20251101,,"CacheCreation(ephemeral_1h_input_tokens=0, ephemeral_5m_input_tokens=0)",0,0,293,7,,standard,Policy created successfully
"Create a slice for autonomous mining vehicles, allowing 70 devices with packet delay budget of 4 ms.",intent_processing,msg_01He4wvo6u9RExvZ4FgzMste,claude-opus-4-5-20251101,create_session,"CacheCreation(ephemeral_1h_input_tokens=0, ephemeral_5m_input_tokens=0)",0,0,38027,1000,,standard,Policy created successfully
"Create a slice for autonomous mining vehicles, allowing 70 devices with packet delay budget of 4 ms.",type_definition,msg_018amx3BwSe3brikbgeKbarM,claude-opus-4-5-20251101,,"CacheCreation(ephemeral_1h_input_tokens=0, ephemeral_5m_input_tokens=0)",0,0,283,7,,standard,Policy created successfully
"Provision a slice for industrial motion control networks, requiring latency not exceeding 2 ms and uplink rates of 15 Mbps.",intent_processing,msg_01LdeL189rhN2fartozyw2Ce,claude-opus-4-5-20251101,create_session,"CacheCreation(ephemeral_1h_input_tokens=0, ephemeral_5m_input_tokens=0)",0,0,2445,244,,standard,Policy created successfully
"Provision a slice for industrial motion control networks, requiring latency not exceeding 2 ms and uplink rates of 15 Mbps.",type_definition,msg_014yDoFxioJEWPmdE8zBJCGS,claude-opus-4-5-20251101,,"CacheCreation(ephemeral_1h_input_tokens=0, ephemeral_5m_input_tokens=0)",0,0,292,7,,standard,Policy created successfully
"Establish a slice for airport ground vehicle coordination, supporting 200 devices with latency capped at 5 ms.",intent_processing,msg_01XoUpnLVs9zLrHw5ie5kuio,claude-opus-4-5-20251101,create_session,"CacheCreation(ephemeral_1h_input_tokens=0, ephemeral_5m_input_tokens=0)",0,0,3258,182,,standard,Policy created successfully
"Establish a slice for airport ground vehicle coordination, supporting 200 devices with latency capped at 5 ms.",type_definition,msg_01Cnyfto15wPKcursCmGbX5f,claude-opus-4-5-20251101,,"CacheCreation(ephemeral_1h_input_tokens=0, ephemeral_5m_input_tokens=0)",0,0,286,7,,standard,Policy created successfully
"Deploy a slice for remote surgery assistance systems, requiring downstream rates of 1 Gbps per device and packet delay budget of 1 ms.",intent_processing,msg_01GuPexDL9pGCzdjuyD7rM56,claude-opus-4-5-20251101,create_session,"CacheCreation(ephemeral_1h_input_tokens=0, ephemeral_5m_input_tokens=0)",0,0,4046,200,,standard,Policy created successfully
"Deploy a slice for remote surgery assistance systems, requiring downstream rates of 1 Gbps per device and packet delay budget of 1 ms.",type_definition,msg_01RwvTNGJPGv9d4Sy3Wt4aLN,claude-opus-4-5-20251101,,"CacheCreation(ephemeral_1h_input_tokens=0, ephemeral_5m_input_tokens=0)",0,0,291,7,,standard,Policy created successfully
"Create a slice for environmental sensors monitoring air quality across a city district, supporting up to 3000 devices with uplink rates of 1 Mbps per device.",intent_processing,msg_01N85wbRwwUh16AXBgLwSu4Y,claude-opus-4-5-20251101,create_session,"CacheCreation(ephemeral_1h_input_tokens=0, ephemeral_5m_input_tokens=0)",0,0,4872,174,,standard,Policy created successfully
"Create a slice for environmental sensors monitoring air quality across a city district, supporting up to 3000 devices with uplink rates of 1 Mbps per device.",type_definition,msg_01N5MqVmS1EtB1iHgYB9DuKt,claude-opus-4-5-20251101,,"CacheCreation(ephemeral_1h_input_tokens=0, ephemeral_5m_input_tokens=0)",0,0,296,6,,standard,Policy created successfully
"Provision a slice for smart parking sensors, allowing 2500 devices with packet delay budget of 100 ms.",intent_processing,msg_012mtrT2c9FYeU2kPj47KFnT,claude-opus-4-5-20251101,create_session,"CacheCreation(ephemeral_1h_input_tokens=0, ephemeral_5m_input_tokens=0)",0,0,5616,182,,standard,Policy created successfully
"Provision a slice for smart parking sensors, allowing 2500 devices with packet delay budget of 100 ms.",type_definition,msg_017Vw9gm5MMaGcQtEruS89nQ,claude-opus-4-5-20251101,,"CacheCreation(ephemeral_1h_input_tokens=0, ephemeral_5m_input_tokens=0)",0,0,285,6,,standard,Policy created successfully
"Establish a slice for utility metering infrastructure, supporting 4000 devices with uplink rates of 500 kbps per device.",intent_processing,msg_013EjRucKV8J8cqZjbZXrPff,claude-opus-4-5-20251101,create_session,"CacheCreation(ephemeral_1h_input_tokens=0, ephemeral_5m_input_tokens=0)",0,0,6397,174,,standard,Policy created successfully
"Establish a slice for utility metering infrastructure, supporting 4000 devices with uplink rates of 500 kbps per device.",type_definition,msg_01MhwRARQGRBam5UNMqcnuvR,claude-opus-4-5-20251101,,"CacheCreation(ephemeral_1h_input_tokens=0, ephemeral_5m_input_tokens=0)",0,0,290,6,,standard,Policy created successfully
"Deploy a slice for waste management sensors, allowing 1800 devices with latency tolerance of 150 ms.",intent_processing,msg_01LmeHGQQH3s5jHXLRu5xXkm,claude-opus-4-5-20251101,create_session,"CacheCreation(ephemeral_1h_input_tokens=0, ephemeral_5m_input_tokens=0)",0,0,7142,182,,standard,Policy created successfully
"Deploy a slice for waste management sensors, allowing 1800 devices with latency tolerance of 150 ms.",type_definition,msg_019rUARYCBPWsCkK2AjkV1RH,claude-opus-4-5-20251101,,"CacheCreation(ephemeral_1h_input_tokens=0, ephemeral_5m_input_tokens=0)",0,0,284,6,,standard,Policy created successfully
"Create a slice for flood monitoring sensors along a river, supporting 1200 devices with uplink rates of 800 kbps.",intent_processing,msg_01GroEzBFMYDcYLbr74aPVsq,claude-opus-4-5-20251101,create_session,"CacheCreation(ephemeral_1h_input_tokens=0, ephemeral_5m_input_tokens=0)",0,0,7924,171,,standard,Policy created successfully
"Create a slice for flood monitoring sensors along a river, supporting 1200 devices with uplink rates of 800 kbps.",type_definition,msg_01NktqzHoyyWLmB1enauqeCb,claude-opus-4-5-20251101,,"CacheCreation(ephemeral_1h_input_tokens=0, ephemeral_5m_input_tokens=0)",0,0,289,6,,standard,Policy created successfully
"Provision a slice for agricultural soil sensors, allowing 2200 devices with packet delay budget of 200 ms.",intent_processing,msg_01TvxDUrjGFFARFWeaLJcSqf,claude-opus-4-5-20251101,create_session,"CacheCreation(ephemeral_1h_input_tokens=0, ephemeral_5m_input_tokens=0)",0,0,8663,182,,standard,Policy created successfully
"Provision a slice for agricultural soil sensors, allowing 2200 devices with packet delay budget of 200 ms.",type_definition,msg_01ALJk4SNQWUJLsDYfTD5BHL,claude-opus-4-5-20251101,,"CacheCreation(ephemeral_1h_input_tokens=0, ephemeral_5m_input_tokens=0)",0,0,285,6,,standard,Policy created successfully
"Establish a slice for street lighting control nodes, supporting 3500 devices with uplink rates of 300 kbps.",intent_processing,msg_018wht3L8YZrT7rE5WGkHfiA,claude-opus-4-5-20251101,create_session,"CacheCreation(ephemeral_1h_input_tokens=0, ephemeral_5m_input_tokens=0)",0,0,9440,172,,standard,Policy created successfully
"Establish a slice for street lighting control nodes, supporting 3500 devices with uplink rates of 300 kbps.",type_definition,msg_01FdQXWcpu5co1dmfWnPvyzK,claude-opus-4-5-20251101,,"CacheCreation(ephemeral_1h_input_tokens=0, ephemeral_5m_input_tokens=0)",0,0,288,6,,standard,Policy created successfully
"Deploy a slice for weather stations in rural areas, allowing 900 devices with latency tolerance of 250 ms.",intent_processing,msg_014YoxrpUwohKnE4zHtJfCw1,claude-opus-4-5-20251101,create_session,"CacheCreation(ephemeral_1h_input_tokens=0, ephemeral_5m_input_tokens=0)",0,0,10180,182,,standard,Policy created successfully
"Deploy a slice for weather stations in rural areas, allowing 900 devices with latency tolerance of 250 ms.",type_definition,msg_013ZaudMaJkEHatqopvMBSHH,claude-opus-4-5-20251101,,"CacheCreation(ephemeral_1h_input_tokens=0, ephemeral_5m_input_tokens=0)",0,0,285,6,,standard,Policy created successfully
"Create a slice for industrial condition monitoring sensors, supporting 1600 devices with uplink rates of 1 Mbps.",intent_processing,msg_01TbD2rDUAWTQtQWwsc5GzX3,claude-opus-4-5-20251101,create_session,"CacheCreation(ephemeral_1h_input_tokens=0, ephemeral_5m_input_tokens=0)",0,0,10956,172,,standard,Policy created successfully
"Create a slice for industrial condition monitoring sensors, supporting 1600 devices with uplink rates of 1 Mbps.",type_definition,msg_01139rKDzmm4pzEiZHsVLyaQ,claude-opus-4-5-20251101,,"CacheCreation(ephemeral_1h_input_tokens=0, ephemeral_5m_input_tokens=0)",0,0,287,6,,standard,Policy created successfully
"Provision a slice for smart water distribution sensors, allowing 2800 devices with packet delay budget of 120 ms.",intent_processing,msg_014PHUqJ7C4yqSdhCKdeS6Qk,claude-opus-4-5-20251101,create_session,"CacheCreation(ephemeral_1h_input_tokens=0, ephemeral_5m_input_tokens=0)",0,0,11701,183,,standard,Policy created successfully
"Provision a slice for smart water distribution sensors, allowing 2800 devices with packet delay budget of 120 ms.",type_definition,msg_01LdcLqZvxEzUgJ4yeNTLaji,claude-opus-4-5-20251101,,"CacheCreation(ephemeral_1h_input_tokens=0, ephemeral_5m_input_tokens=0)",0,0,286,6,,standard,Policy created successfully
"Establish a slice for noise pollution monitoring units, supporting 1400 devices with uplink rates of 600 kbps.",intent_processing,msg_011bma5fQGRVPJ31zV4bnZVz,claude-opus-4-5-20251101,create_session,"CacheCreation(ephemeral_1h_input_tokens=0, ephemeral_5m_input_tokens=0)",0,0,12479,172,,standard,Policy created successfully
"Establish a slice for noise pollution monitoring units, supporting 1400 devices with uplink rates of 600 kbps.",type_definition,msg_01KWduy9gKwJR8VyLGQa5wr3,claude-opus-4-5-20251101,,"CacheCreation(ephemeral_1h_input_tokens=0, ephemeral_5m_input_tokens=0)",0,0,288,6,,standard,Policy created successfully
"Deploy a slice for pipeline pressure sensors, allowing 2000 devices with latency tolerance of 180 ms.",intent_processing,msg_017FccPYocrP919AVyNNsmoz,claude-opus-4-5-20251101,create_session,"CacheCreation(ephemeral_1h_input_tokens=0, ephemeral_5m_input_tokens=0)",0,0,13220,182,,standard,Policy created successfully
"Deploy a slice for pipeline pressure sensors, allowing 2000 devices with latency tolerance of 180 ms.",type_definition,msg_01Nxw3VAPWQFF4ThkeVt2rgz,claude-opus-4-5-20251101,,"CacheCreation(ephemeral_1h_input_tokens=0, ephemeral_5m_input_tokens=0)",0,0,284,6,,standard,Policy created successfully
"Create a slice for smart agriculture weather probes, supporting 1100 devices with uplink rates of 700 kbps.",intent_processing,msg_01Uqgav68nfoMcbwUcDVqve5,claude-opus-4-5-20251101,create_session,"CacheCreation(ephemeral_1h_input_tokens=0, ephemeral_5m_input_tokens=0)",0,0,14007,173,,standard,Policy created successfully
"Create a slice for smart agriculture weather probes, supporting 1100 devices with uplink rates of 700 kbps.",type_definition,msg_012Vv2KENMnmejCLkZTENAEM,claude-opus-4-5-20251101,,"CacheCreation(ephemeral_1h_input_tokens=0, ephemeral_5m_input_tokens=0)",0,0,288,6,,standard,Policy created successfully
"Provision a slice for building management sensors in commercial zones, allowing 3200 devices with packet delay budget of 100 ms.",intent_processing,msg_014b4eeseT9xQdja9FUEoioN,claude-opus-4-5-20251101,create_session,"CacheCreation(ephemeral_1h_input_tokens=0, ephemeral_5m_input_tokens=0)",0,0,14751,185,,standard,Policy created successfully
"Provision a slice for building management sensors in commercial zones, allowing 3200 devices with packet delay budget of 100 ms.",type_definition,msg_01MWy2ii68QKJwNqDyPmKykV,claude-opus-4-5-20251101,,"CacheCreation(ephemeral_1h_input_tokens=0, ephemeral_5m_input_tokens=0)",0,0,288,6,,standard,Policy created successfully
"Establish a slice for public transportation telemetry sensors, supporting 1700 devices with uplink rates of 900 kbps.",intent_processing,msg_01H6MHFKqhESujqcWu7G3YyS,claude-opus-4-5-20251101,create_session,"CacheCreation(ephemeral_1h_input_tokens=0, ephemeral_5m_input_tokens=0)",0,0,15533,174,,standard,Policy created successfully
"Establish a slice for public transportation telemetry sensors, supporting 1700 devices with uplink rates of 900 kbps.",type_definition,msg_01Mm3XjwRxtMRrY3hdLJbHnq,claude-opus-4-5-20251101,,"CacheCreation(ephemeral_1h_input_tokens=0, ephemeral_5m_input_tokens=0)",0,0,290,6,,standard,Policy created successfully
"Deploy a slice for smart irrigation controllers, allowing 2600 devices with latency tolerance of 200 ms.",intent_processing,msg_01LiJ5iiBbBVZKWpT4Qvom6L,claude-opus-4-5-20251101,create_session,"CacheCreation(ephemeral_1h_input_tokens=0, ephemeral_5m_input_tokens=0)",0,0,16276,182,,standard,Policy created successfully
"Deploy a slice for smart irrigation controllers, allowing 2600 devices with latency tolerance of 200 ms.",type_definition,msg_019Nuvb1btkL9t34Lose5tFm,claude-opus-4-5-20251101,,"CacheCreation(ephemeral_1h_input_tokens=0, ephemeral_5m_input_tokens=0)",0,0,284,6,,standard,Policy created successfully
"Create a slice for cold-chain temperature sensors, supporting 1500 devices with uplink rates of 500 kbps.",intent_processing,msg_01HuoF7TCytzDH67YqfxHgSW,claude-opus-4-5-20251101,create_session,"CacheCreation(ephemeral_1h_input_tokens=0, ephemeral_5m_input_tokens=0)",0,0,17063,173,,standard,Policy created successfully
"Create a slice for cold-chain temperature sensors, supporting 1500 devices with uplink rates of 500 kbps.",type_definition,msg_018jq5ijvpPfCb1Ke1NhzFuZ,claude-opus-4-5-20251101,,"CacheCreation(ephemeral_1h_input_tokens=0, ephemeral_5m_input_tokens=0)",0,0,288,6,,standard,Policy created successfully
"Provision a slice for structural health monitoring sensors on bridges, allowing 800 devices with packet delay budget of 150 ms.",intent_processing,msg_01U9Z8KfzgC88bcNfKEH76Cy,claude-opus-4-5-20251101,create_session,"CacheCreation(ephemeral_1h_input_tokens=0, ephemeral_5m_input_tokens=0)",0,0,17804,183,,standard,Policy created successfully
"Provision a slice for structural health monitoring sensors on bridges, allowing 800 devices with packet delay budget of 150 ms.",type_definition,msg_01XwJu7S7MYjjW2mD1YQmWVh,claude-opus-4-5-20251101,,"CacheCreation(ephemeral_1h_input_tokens=0, ephemeral_5m_input_tokens=0)",0,0,287,6,,standard,Policy created successfully
"Establish a slice for city-wide asset tracking tags, supporting 4200 devices with uplink rates of 400 kbps.",intent_processing,msg_017zdj3CLffyGryUN8fuiN6i,claude-opus-4-5-20251101,create_session,"CacheCreation(ephemeral_1h_input_tokens=0, ephemeral_5m_input_tokens=0)",0,0,18584,174,,standard,Policy created successfully
"Establish a slice for city-wide asset tracking tags, supporting 4200 devices with uplink rates of 400 kbps.",type_definition,msg_01Jb4CpyLrWAcYWAhxuAcR1c,claude-opus-4-5-20251101,,"CacheCreation(ephemeral_1h_input_tokens=0, ephemeral_5m_input_tokens=0)",0,0,290,6,,standard,Policy created successfully
"Deploy a slice for smart recycling bin sensors, allowing 2300 devices with latency tolerance of 180 ms.",intent_processing,msg_016vnQy3seTFdV7PK371vKSp,claude-opus-4-5-20251101,create_session,"CacheCreation(ephemeral_1h_input_tokens=0, ephemeral_5m_input_tokens=0)",0,0,19327,184,,standard,Policy created successfully
"Deploy a slice for smart recycling bin sensors, allowing 2300 devices with latency tolerance of 180 ms.",type_definition,msg_01Vy2JvGBN43GY1CyJNWwQA3,claude-opus-4-5-20251101,,"CacheCreation(ephemeral_1h_input_tokens=0, ephemeral_5m_input_tokens=0)",0,0,286,6,,standard,Policy created successfully
"Create a slice for a mobile esports tournament, requiring downstream rates of 250 Mbps per device and packet delay budget of 12 ms.",intent_processing,msg_01JFv6dTbASMpFRXhNk4xD6F,claude-opus-4-5-20251101,create_session,"CacheCreation(ephemeral_1h_input_tokens=0, ephemeral_5m_input_tokens=0)",0,0,20108,201,,standard,Policy created successfully
"Create a slice for a mobile esports tournament, requiring downstream rates of 250 Mbps per device and packet delay budget of 12 ms.",type_definition,msg_019mN6RUBuiq7cZEF97AyY2X,claude-opus-4-5-20251101,,"CacheCreation(ephemeral_1h_input_tokens=0, ephemeral_5m_input_tokens=0)",0,0,292,7,,standard,Policy created successfully
"Provision a slice for film editors working remotely on-site, allowing 60 devices with 400 Mbps downstream per device.",intent_processing,msg_016EPSXQPHqqUv1SNnnTpnkL,claude-opus-4-5-20251101,create_session,"CacheCreation(ephemeral_1h_input_tokens=0, ephemeral_5m_input_tokens=0)",0,0,20923,175,,standard,Policy created successfully
"Provision a slice for film editors working remotely on-site, allowing 60 devices with 400 Mbps downstream per device.",type_definition,msg_019hdLpYtYFS3C7jivxA3P4L,claude-opus-4-5-20251101,,"CacheCreation(ephemeral_1h_input_tokens=0, ephemeral_5m_input_tokens=0)",0,0,290,7,,standard,Policy created successfully
"Establish a slice for city surveillance analysts reviewing HD feeds, requiring 200 Mbps downstream and latency under 20 ms.",intent_processing,msg_01QN2fuWLduNvEavXuk8YKBP,claude-opus-4-5-20251101,create_session,"CacheCreation(ephemeral_1h_input_tokens=0, ephemeral_5m_input_tokens=0)",0,0,21664,199,,standard,Policy created successfully
"Establish a slice for city surveillance analysts reviewing HD feeds, requiring 200 Mbps downstream and latency under 20 ms.",type_definition,msg_014ZgAM78zZPc1L9ffEyHuqj,claude-opus-4-5-20251101,,"CacheCreation(ephemeral_1h_input_tokens=0, ephemeral_5m_input_tokens=0)",0,0,289,7,,standard,Policy created successfully
"Deploy a slice for interactive advertising screens, supporting 100 devices with downstream rates of 150 Mbps.",intent_processing,msg_01GJWJ4vDdTPQTVJPhdqZNX1,claude-opus-4-5-20251101,create_session,"CacheCreation(ephemeral_1h_input_tokens=0, ephemeral_5m_input_tokens=0)",0,0,22481,168,,standard,Policy created successfully
"Deploy a slice for interactive advertising screens, supporting 100 devices with downstream rates of 150 Mbps.",type_definition,msg_01Q2e5DBX3SzwZ78pqU1kmNT,claude-opus-4-5-20251101,,"CacheCreation(ephemeral_1h_input_tokens=0, ephemeral_5m_input_tokens=0)",0,0,284,7,,standard,Policy created successfully
"Create a slice for maritime passenger terminals, prioritizing user experience with 90 Mbps downstream per device.",intent_processing,msg_01B7ExSf4qGfh2vQ4dRoUPpu,claude-opus-4-5-20251101,create_session,"CacheCreation(ephemeral_1h_input_tokens=0, ephemeral_5m_input_tokens=0)",0,0,23211,164,,standard,Policy created successfully
"Create a slice for maritime passenger terminals, prioritizing user experience with 90 Mbps downstream per device.",type_definition,msg_018XJDSr7hrLPLoXmaARXi2Z,claude-opus-4-5-20251101,,"CacheCreation(ephemeral_1h_input_tokens=0, ephemeral_5m_input_tokens=0)",0,0,283,7,,standard,Policy created successfully
"Provision a slice for automated train door control systems, supporting 500 devices with latency capped at 4 ms.",intent_processing,msg_015FAYRiDw7J27JmxgfZh8rY,claude-opus-4-5-20251101,create_session,"CacheCreation(ephemeral_1h_input_tokens=0, ephemeral_5m_input_tokens=0)",0,0,23945,183,,standard,Policy created successfully
"Provision a slice for automated train door control systems, supporting 500 devices with latency capped at 4 ms.",type_definition,msg_012S6Qzh9edcp8SsufpaLhn9,claude-opus-4-5-20251101,,"CacheCreation(ephemeral_1h_input_tokens=0, ephemeral_5m_input_tokens=0)",0,0,287,7,,standard,Policy created successfully
"Establish a slice for robotic firefighting units, requiring uplink rates of 35 Mbps and packet delay budget of 3 ms.",intent_processing,msg_014R7U8htYVXMQrS7eoQitwE,claude-opus-4-5-20251101,create_session,"CacheCreation(ephemeral_1h_input_tokens=0, ephemeral_5m_input_tokens=0)",0,0,24733,200,,standard,Policy created successfully
"Establish a slice for robotic firefighting units, requiring uplink rates of 35 Mbps and packet delay budget of 3 ms.",type_definition,msg_01FDzqe3Bt7gw7rAQCjTQJHf,claude-opus-4-5-20251101,,"CacheCreation(ephemeral_1h_input_tokens=0, ephemeral_5m_input_tokens=0)",0,0,292,7,,standard,Policy created successfully
"Deploy a slice for collision avoidance systems at intersections, allowing 600 devices with latency under 5 ms.",intent_processing,msg_01HM3bHq1chrgBiVjsk1HJ2m,claude-opus-4-5-20251101,create_session,"CacheCreation(ephemeral_1h_input_tokens=0, ephemeral_5m_input_tokens=0)",0,0,25552,184,,standard,Policy created successfully
"Deploy a slice for collision avoidance systems at intersections, allowing 600 devices with latency under 5 ms.",type_definition,msg_01CxvZP1nPisQfirV2iM3azb,claude-opus-4-5-20251101,,"CacheCreation(ephemeral_1h_input_tokens=0, ephemeral_5m_input_tokens=0)",0,0,287,7,,standard,Policy created successfully
"Create a slice for remote heavy machinery diagnostics, requiring downstream rates of 70 Mbps and latency of 6 ms.",intent_processing,msg_01RiQUN1ijHtc7d5aTzXKHDz,claude-opus-4-5-20251101,create_session,"CacheCreation(ephemeral_1h_input_tokens=0, ephemeral_5m_input_tokens=0)",0,0,26328,198,,standard,Policy created successfully
"Create a slice for remote heavy machinery diagnostics, requiring downstream rates of 70 Mbps and latency of 6 ms.",type_definition,msg_01S28c9689rUCvLuPa7yFUbp,claude-opus-4-5-20251101,,"CacheCreation(ephemeral_1h_input_tokens=0, ephemeral_5m_input_tokens=0)",0,0,289,7,,standard,Policy created successfully
"Provision a slice for automated port gate operations, supporting 250 devices with packet delay budget of 4 ms.",intent_processing,msg_01Nv7DGtzuPZRCTGZtF5XgJY,claude-opus-4-5-20251101,create_session,"CacheCreation(ephemeral_1h_input_tokens=0, ephemeral_5m_input_tokens=0)",0,0,27147,181,,standard,Policy created successfully
"Provision a slice for automated port gate operations, supporting 250 devices with packet delay budget of 4 ms.",type_definition,msg_0177s699dQ2i3cmnS6jdTDB4,claude-opus-4-5-20251101,,"CacheCreation(ephemeral_1h_input_tokens=0, ephemeral_5m_input_tokens=0)",0,0,285,7,,standard,Policy created successfully
"Establish a slice for city bike availability sensors, allowing 3100 devices with uplink rates of 300 kbps.",intent_processing,msg_0193YM4CQCbhec4BpYdQbZrF,claude-opus-4-5-20251101,create_session,"CacheCreation(ephemeral_1h_input_tokens=0, ephemeral_5m_input_tokens=0)",0,0,27919,172,,standard,Policy created successfully
"Establish a slice for city bike availability sensors, allowing 3100 devices with uplink rates of 300 kbps.",type_definition,msg_012TRrYQfMnk4UZSefFsxkYb,claude-opus-4-5-20251101,,"CacheCreation(ephemeral_1h_input_tokens=0, ephemeral_5m_input_tokens=0)",0,0,288,6,,standard,Policy created successfully
"Deploy a slice for smart vending machine telemetry, supporting 1900 devices with latency tolerance of 200 ms.",intent_processing,msg_01RDmburJWhoKc2dLZ4GNLuN,claude-opus-4-5-20251101,create_session,"CacheCreation(ephemeral_1h_input_tokens=0, ephemeral_5m_input_tokens=0)",0,0,28658,186,,standard,Policy created successfully
"Deploy a slice for smart vending machine telemetry, supporting 1900 devices with latency tolerance of 200 ms.",type_definition,msg_01HTqq8hJHVhaW8HEhVrHRa8,claude-opus-4-5-20251101,,"CacheCreation(ephemeral_1h_input_tokens=0, ephemeral_5m_input_tokens=0)",0,0,288,6,,standard,Policy created successfully
"Create a slice for energy consumption sensors in industrial parks, allowing 2700 devices with uplink rates of 800 kbps.",intent_processing,msg_01TyiTePjbGwBEw9j2pAjai9,claude-opus-4-5-20251101,create_session,"CacheCreation(ephemeral_1h_input_tokens=0, ephemeral_5m_input_tokens=0)",0,0,29446,174,,standard,Policy created successfully
"Create a slice for energy consumption sensors in industrial parks, allowing 2700 devices with uplink rates of 800 kbps.",type_definition,msg_01CE8dDNpPFaobsosXJpttNV,claude-opus-4-5-20251101,,"CacheCreation(ephemeral_1h_input_tokens=0, ephemeral_5m_input_tokens=0)",0,0,289,6,,standard,Policy created successfully
"Provision a slice for public restroom occupancy sensors, supporting 2100 devices with packet delay budget of 150 ms.",intent_processing,msg_01EGftMUZkj8FeEx8G7XTGt1,claude-opus-4-5-20251101,create_session,"CacheCreation(ephemeral_1h_input_tokens=0, ephemeral_5m_input_tokens=0)",0,0,30199,185,,standard,Policy created successfully
"Provision a slice for public restroom occupancy sensors, supporting 2100 devices with packet delay budget of 150 ms.",type_definition,msg_019XntBqnYL3CH5ZR4njW6os,claude-opus-4-5-20251101,,"CacheCreation(ephemeral_1h_input_tokens=0, ephemeral_5m_input_tokens=0)",0,0,288,6,,standard,Policy created successfully
"Establish a slice for smart bus stop information panels, allowing 1200 devices with uplink rates of 600 kbps.",intent_processing,msg_01TzuWKvkRWiNTh8BoxHFf1a,claude-opus-4-5-20251101,create_session,"CacheCreation(ephemeral_1h_input_tokens=0, ephemeral_5m_input_tokens=0)",0,0,30982,173,,standard,Policy created successfully
"Establish a slice for smart bus stop information panels, allowing 1200 devices with uplink rates of 600 kbps.",type_definition,msg_01PUv85dQ6obSUJrzxsHL4kK,claude-opus-4-5-20251101,,"CacheCreation(ephemeral_1h_input_tokens=0, ephemeral_5m_input_tokens=0)",0,0,289,6,,standard,Policy created successfully
"Create a slice for immersive museum AR guides, requiring 180 Mbps downstream per device and latency of 15 ms.",intent_processing,msg_01MnwCqCXp6RHqdSGUdkbr4a,claude-opus-4-5-20251101,create_session,"CacheCreation(ephemeral_1h_input_tokens=0, ephemeral_5m_input_tokens=0)",0,0,31726,201,,standard,Policy created successfully
"Create a slice for immersive museum AR guides, requiring 180 Mbps downstream per device and latency of 15 ms.",type_definition,msg_01CEWDx6gwk56pptBicwN569,claude-opus-4-5-20251101,,"CacheCreation(ephemeral_1h_input_tokens=0, ephemeral_5m_input_tokens=0)",0,0,290,7,,standard,Policy created successfully
"Provision a slice for urban telepresence kiosks, allowing 90 devices with downstream rates of 300 Mbps.",intent_processing,msg_01GGJ3bYFpRAzWQd7uzk4ULH,claude-opus-4-5-20251101,create_session,"CacheCreation(ephemeral_1h_input_tokens=0, ephemeral_5m_input_tokens=0)",0,0,32544,172,,standard,Policy created successfully
"Provision a slice for urban telepresence kiosks, allowing 90 devices with downstream rates of 300 Mbps.",type_definition,msg_01GhdhpdBveqkrvBcPMpSQ3n,claude-opus-4-5-20251101,,"CacheCreation(ephemeral_1h_input_tokens=0, ephemeral_5m_input_tokens=0)",0,0,289,7,,standard,Policy created successfully
"Establish a slice for real-time map updates for ride-sharing fleets, supporting 400 devices with uplink rates of 45 Mbps.",intent_processing,msg_018qgdSf9sN1UiZux95TB6iN,claude-opus-4-5-20251101,create_session,"CacheCreation(ephemeral_1h_input_tokens=0, ephemeral_5m_input_tokens=0)",0,0,33291,177,,standard,Policy created successfully
"Establish a slice for real-time map updates for ride-sharing fleets, supporting 400 devices with uplink rates of 45 Mbps.",type_definition,msg_01Y5HYaWbPZSaeo36yGKY2ua,claude-opus-4-5-20251101,,"CacheCreation(ephemeral_1h_input_tokens=0, ephemeral_5m_input_tokens=0)",0,0,294,7,,standard,Policy created successfully
"Deploy a slice for live election coverage teams, requiring 250 Mbps uplink per device and packet delay budget of 18 ms.",intent_processing,msg_017euxHPZ3DSjYpt1aSq2fjV,claude-opus-4-5-20251101,create_session,"CacheCreation(ephemeral_1h_input_tokens=0, ephemeral_5m_input_tokens=0)",0,0,34039,201,,standard,Policy created successfully
"Deploy a slice for live election coverage teams, requiring 250 Mbps uplink per device and packet delay budget of 18 ms.",type_definition,msg_01635TeoxgFJfrNHHF4pFPEm,claude-opus-4-5-20251101,,"CacheCreation(ephemeral_1h_input_tokens=0, ephemeral_5m_input_tokens=0)",0,0,290,7,,standard,Policy created successfully
"Create a slice for city-wide WiMAX replacement broadband, supporting 700 devices with downstream rates of 85 Mbps.",intent_processing,msg_01XpBteVxAnGYaix7mdcwcs4,claude-opus-4-5-20251101,create_session,"CacheCreation(ephemeral_1h_input_tokens=0, ephemeral_5m_input_tokens=0)",0,0,34865,175,,standard,Policy created successfully
"Create a slice for city-wide WiMAX replacement broadband, supporting 700 devices with downstream rates of 85 Mbps.",type_definition,msg_01MyV2xF2SHq4bvcmTggoYfJ,claude-opus-4-5-20251101,,"CacheCreation(ephemeral_1h_input_tokens=0, ephemeral_5m_input_tokens=0)",0,0,291,7,,standard,Policy created successfully
"Create a slice for city fountain control sensors, allowing 900 devices with uplink rates of 400 kbps.",intent_processing,msg_015vu15QeYsupPQgSAk6Dtpz,claude-opus-4-5-20251101,create_session,"CacheCreation(ephemeral_1h_input_tokens=0, ephemeral_5m_input_tokens=0)",0,0,38212,946,,standard,Policy created successfully
"Create a slice for city fountain control sensors, allowing 900 devices with uplink rates of 400 kbps.",type_definition,msg_01LicnytEdcgd7FDGWoJw6F4,claude-opus-4-5-20251101,,"CacheCreation(ephemeral_1h_input_tokens=0, ephemeral_5m_input_tokens=0)",0,0,286,6,,standard,Policy created successfully
"Create a slice for city-wide WiMAX replacement broadband, supporting 700 devices with downstream rates of 85 Mbps.",intent_processing,msg_019VJpbz9Eu7AJD1TBfmZsj9,claude-opus-4-5-20251101,create_session,"CacheCreation(ephemeral_1h_input_tokens=0, ephemeral_5m_input_tokens=0)",0,0,2444,188,,standard,Policy created successfully
"Create a slice for city-wide WiMAX replacement broadband, supporting 700 devices with downstream rates of 85 Mbps.",type_definition,msg_017npXXUArbj8uXjb1Q1pHq7,claude-opus-4-5-20251101,,"CacheCreation(ephemeral_1h_input_tokens=0, ephemeral_5m_input_tokens=0)",0,0,291,7,,standard,Policy created successfully
"Provision a slice for synchronized traffic camera control, allowing 350 devices with latency under 6 ms.",intent_processing,msg_01G7DqNbatXBQyPoot8gZS2v,claude-opus-4-5-20251101,create_session,"CacheCreation(ephemeral_1h_input_tokens=0, ephemeral_5m_input_tokens=0)",0,0,3173,182,,standard,Policy created successfully
"Provision a slice for synchronized traffic camera control, allowing 350 devices with latency under 6 ms.",type_definition,msg_012AtZLZsc2GETaq2KqYC6X4,claude-opus-4-5-20251101,,"CacheCreation(ephemeral_1h_input_tokens=0, ephemeral_5m_input_tokens=0)",0,0,284,7,,standard,Policy created successfully
"Establish a slice for industrial alarm systems, supporting 900 devices with packet delay budget of 5 ms.",intent_processing,msg_01PhzPYLB15TgD6DSkxCjJyf,claude-opus-4-5-20251101,create_session,"CacheCreation(ephemeral_1h_input_tokens=0, ephemeral_5m_input_tokens=0)",0,0,3952,180,,standard,Policy created successfully
"Establish a slice for industrial alarm systems, supporting 900 devices with packet delay budget of 5 ms.",type_definition,msg_01RFNyuSX5oiuaA27dc1p9gM,claude-opus-4-5-20251101,,"CacheCreation(ephemeral_1h_input_tokens=0, ephemeral_5m_input_tokens=0)",0,0,284,7,,standard,Policy created successfully
"Deploy a slice for remote vehicle diagnostics in motion, requiring uplink rates of 25 Mbps and latency of 7 ms.",intent_processing,msg_01C8GtympXwuPwdbmPPLNwrc,claude-opus-4-5-20251101,create_session,"CacheCreation(ephemeral_1h_input_tokens=0, ephemeral_5m_input_tokens=0)",0,0,4734,186,,standard,Policy created successfully
"Deploy a slice for remote vehicle diagnostics in motion, requiring uplink rates of 25 Mbps and latency of 7 ms.",type_definition,msg_01Y4DHcDeAYVjGPN7BxBRAHr,claude-opus-4-5-20251101,,"CacheCreation(ephemeral_1h_input_tokens=0, ephemeral_5m_input_tokens=0)",0,0,291,7,,standard,Policy created successfully
"Create a slice for automated toll gate controls, allowing 450 devices with latency capped at 6 ms.",intent_processing,msg_01BaVRK52EhHmoeKcHcC66fU,claude-opus-4-5-20251101,create_session,"CacheCreation(ephemeral_1h_input_tokens=0, ephemeral_5m_input_tokens=0)",0,0,5529,166,,standard,Policy created successfully
"Create a slice for automated toll gate controls, allowing 450 devices with latency capped at 6 ms.",type_definition,msg_01GW8e8kuDp7yKCTvxAUkLbM,claude-opus-4-5-20251101,,"CacheCreation(ephemeral_1h_input_tokens=0, ephemeral_5m_input_tokens=0)",0,0,285,7,,standard,Policy created successfully
"Provision a slice for coordinated drone light shows, supporting 500 devices with packet delay budget of 5 ms.",intent_processing,msg_01Uhm9AuwDWQwwjZztp84BP5,claude-opus-4-5-20251101,create_session,"CacheCreation(ephemeral_1h_input_tokens=0, ephemeral_5m_input_tokens=0)",0,0,6284,167,,standard,Policy created successfully
"Provision a slice for coordinated drone light shows, supporting 500 devices with packet delay budget of 5 ms.",type_definition,msg_016LGtYbym8tdr1XVfdkeemk,claude-opus-4-5-20251101,,"CacheCreation(ephemeral_1h_input_tokens=0, ephemeral_5m_input_tokens=0)",0,0,286,7,,standard,Policy created successfully
"Establish a slice for environmental radiation sensors, allowing 1000 devices with uplink rates of 700 kbps.",intent_processing,msg_01QRbUYt1yeAvumNex7pHJbX,claude-opus-4-5-20251101,create_session,"CacheCreation(ephemeral_1h_input_tokens=0, ephemeral_5m_input_tokens=0)",0,0,7043,153,,standard,Policy created successfully
"Establish a slice for environmental radiation sensors, allowing 1000 devices with uplink rates of 700 kbps.",type_definition,msg_01Em4d2vh955b7jamB8vPgQ8,claude-opus-4-5-20251101,,"CacheCreation(ephemeral_1h_input_tokens=0, ephemeral_5m_input_tokens=0)",0,0,287,6,,standard,Policy created successfully
"Deploy a slice for smart locker systems, supporting 1800 devices with latency tolerance of 150 ms.",intent_processing,msg_01VQvEtNrxRwYJSky1ztDkaS,claude-opus-4-5-20251101,create_session,"CacheCreation(ephemeral_1h_input_tokens=0, ephemeral_5m_input_tokens=0)",0,0,7770,167,,standard,Policy created successfully
"Deploy a slice for smart locker systems, supporting 1800 devices with latency tolerance of 150 ms.",type_definition,msg_01RtE3EL67Q6383HifoPX4gP,claude-opus-4-5-20251101,,"CacheCreation(ephemeral_1h_input_tokens=0, ephemeral_5m_input_tokens=0)",0,0,285,6,,standard,Policy created successfully
"Provision a slice for coastal erosion monitoring sensors, supporting 1300 devices with packet delay budget of 200 ms.",intent_processing,msg_01Qyftn9Tat9hwzUrRLyjWXj,claude-opus-4-5-20251101,create_session,"CacheCreation(ephemeral_1h_input_tokens=0, ephemeral_5m_input_tokens=0)",0,0,9255,168,,standard,Policy created successfully
"Provision a slice for coastal erosion monitoring sensors, supporting 1300 devices with packet delay budget of 200 ms.",type_definition,msg_01CbAMxQbMPNJMiDSxEgcA7R,claude-opus-4-5-20251101,,"CacheCreation(ephemeral_1h_input_tokens=0, ephemeral_5m_input_tokens=0)",0,0,287,6,,standard,Policy created successfully
"Establish a slice for smart traffic sign telemetry, allowing 2400 devices with uplink rates of 500 kbps.",intent_processing,msg_01YatyoaYequYaXKnF4Uoo6a,claude-opus-4-5-20251101,create_session,"CacheCreation(ephemeral_1h_input_tokens=0, ephemeral_5m_input_tokens=0)",0,0,10024,156,,standard,Policy created successfully
"Establish a slice for smart traffic sign telemetry, allowing 2400 devices with uplink rates of 500 kbps.",type_definition,msg_01YZQDEL8oyxYjXMX9tiCpY5,claude-opus-4-5-20251101,,"CacheCreation(ephemeral_1h_input_tokens=0, ephemeral_5m_input_tokens=0)",0,0,290,6,,standard,Policy created successfully
"Create a slice for urban drone video inspections, requiring downstream rates of 220 Mbps and latency under 15 ms.",intent_processing,msg_01EMYpm2RTK2mVuusrQgNGV9,claude-opus-4-5-20251101,create_session,"CacheCreation(ephemeral_1h_input_tokens=0, ephemeral_5m_input_tokens=0)",0,0,10756,179,,standard,Policy created successfully
"Create a slice for urban drone video inspections, requiring downstream rates of 220 Mbps and latency under 15 ms.",type_definition,msg_01Pk6cBfs9PyFzdZFf86mn62,claude-opus-4-5-20251101,,"CacheCreation(ephemeral_1h_input_tokens=0, ephemeral_5m_input_tokens=0)",0,0,289,7,,standard,Policy created successfully
"Provision a slice for live online education broadcasting, supporting 300 devices with downstream rates of 140 Mbps.",intent_processing,msg_018yfeoMrL9xsfCcew2hoBEQ,claude-opus-4-5-20251101,create_session,"CacheCreation(ephemeral_1h_input_tokens=0, ephemeral_5m_input_tokens=0)",0,0,11549,153,,standard,Policy created successfully
"Provision a slice for live online education broadcasting, supporting 300 devices with downstream rates of 140 Mbps.",type_definition,msg_01KVX4NcBZ3FGLDZhn2z32Qd,claude-opus-4-5-20251101,,"CacheCreation(ephemeral_1h_input_tokens=0, ephemeral_5m_input_tokens=0)",0,0,286,7,,standard,Policy created successfully
"Establish a slice for pop-up business expos, allowing 500 devices with packet delay budget of 25 ms.",intent_processing,msg_01NBAUb7XQScDojAM9hWA5z4,claude-opus-4-5-20251101,create_session,"CacheCreation(ephemeral_1h_input_tokens=0, ephemeral_5m_input_tokens=0)",0,0,12268,168,,standard,Policy created successfully
"Establish a slice for pop-up business expos, allowing 500 devices with packet delay budget of 25 ms.",type_definition,msg_011ebCMoxnw4xqcArrQv6FQY,claude-opus-4-5-20251101,,"CacheCreation(ephemeral_1h_input_tokens=0, ephemeral_5m_input_tokens=0)",0,0,287,7,,standard,Policy created successfully
"Deploy a slice for automated rail switch control, supporting 700 devices with latency capped at 4 ms.",intent_processing,msg_01KiF1bYvbeKf5ZdvN8VPM8e,claude-opus-4-5-20251101,create_session,"CacheCreation(ephemeral_1h_input_tokens=0, ephemeral_5m_input_tokens=0)",0,0,13028,166,,standard,Policy created successfully
"Deploy a slice for automated rail switch control, supporting 700 devices with latency capped at 4 ms.",type_definition,msg_01HSJgsZgqXjEF7zHSTFc6gW,claude-opus-4-5-20251101,,"CacheCreation(ephemeral_1h_input_tokens=0, ephemeral_5m_input_tokens=0)",0,0,285,7,,standard,Policy created successfully
"Create a slice for synchronized robotic welding, requiring uplink rates of 30 Mbps and packet delay budget of 2 ms.",intent_processing,msg_01KVBNYMotLaMe882WHRWrqk,claude-opus-4-5-20251101,create_session,"CacheCreation(ephemeral_1h_input_tokens=0, ephemeral_5m_input_tokens=0)",0,0,13788,179,,standard,Policy created successfully
"Create a slice for synchronized robotic welding, requiring uplink rates of 30 Mbps and packet delay budget of 2 ms.",type_definition,msg_0164AM6nNvZ2sHrQbwGpvi7k,claude-opus-4-5-20251101,,"CacheCreation(ephemeral_1h_input_tokens=0, ephemeral_5m_input_tokens=0)",0,0,291,7,,standard,Policy created successfully
"Provision a slice for smart greenhouse climate sensors, allowing 1600 devices with latency tolerance of 180 ms.",intent_processing,msg_01QyH2Jg59NVxCPteU29Pg6W,claude-opus-4-5-20251101,create_session,"CacheCreation(ephemeral_1h_input_tokens=0, ephemeral_5m_input_tokens=0)",0,0,14579,167,,standard,Policy created successfully
"Provision a slice for smart greenhouse climate sensors, allowing 1600 devices with latency tolerance of 180 ms.",type_definition,msg_01PUtEJRa9fCYtQmQFtJoWMa,claude-opus-4-5-20251101,,"CacheCreation(ephemeral_1h_input_tokens=0, ephemeral_5m_input_tokens=0)",0,0,286,6,,standard,Policy created successfully
"Establish a slice for public safety siren monitoring, supporting 1100 devices with uplink rates of 600 kbps.",intent_processing,msg_01YZsCg4U8XxY7TVebpC4W23,claude-opus-4-5-20251101,create_session,"CacheCreation(ephemeral_1h_input_tokens=0, ephemeral_5m_input_tokens=0)",0,0,15346,155,,standard,Policy created successfully
"Establish a slice for public safety siren monitoring, supporting 1100 devices with uplink rates of 600 kbps.",type_definition,msg_01RBgwcw3RY76X2JCxRQxamy,claude-opus-4-5-20251101,,"CacheCreation(ephemeral_1h_input_tokens=0, ephemeral_5m_input_tokens=0)",0,0,289,6,,standard,Policy created successfully
"Deploy a slice for high-resolution mobile mapping vehicles, requiring 350 Mbps uplink per device and latency of 20 ms.",intent_processing,msg_01BPPHYqGrUSq3bDpkKVsCfe,claude-opus-4-5-20251101,create_session,"CacheCreation(ephemeral_1h_input_tokens=0, ephemeral_5m_input_tokens=0)",0,0,16075,180,,standard,Policy created successfully
"Deploy a slice for high-resolution mobile mapping vehicles, requiring 350 Mbps uplink per device and latency of 20 ms.",type_definition,msg_01GvPzztDijDHT5jcpLxRkMH,claude-opus-4-5-20251101,,"CacheCreation(ephemeral_1h_input_tokens=0, ephemeral_5m_input_tokens=0)",0,0,291,7,,standard,Policy created successfully
"Create a slice for autonomous ferry navigation systems, allowing 90 devices with packet delay budget of 3 ms.",intent_processing,msg_016ke1u9QqbrsJJbp2LoVoir,claude-opus-4-5-20251101,create_session,"CacheCreation(ephemeral_1h_input_tokens=0, ephemeral_5m_input_tokens=0)",0,0,16873,166,,standard,Policy created successfully
"Create a slice for autonomous ferry navigation systems, allowing 90 devices with packet delay budget of 3 ms.",type_definition,msg_01MWp3NG41ZV1b1vnMuuJjbs,claude-opus-4-5-20251101,,"CacheCreation(ephemeral_1h_input_tokens=0, ephemeral_5m_input_tokens=0)",0,0,284,7,,standard,Policy created successfully
"Provision a slice for smart city soil moisture probes, supporting 2000 devices with uplink rates of 500 kbps.",intent_processing,msg_012DGss6ZSamVMjhJdqeR5GM,claude-opus-4-5-20251101,create_session,"CacheCreation(ephemeral_1h_input_tokens=0, ephemeral_5m_input_tokens=0)",0,0,17628,156,,standard,Policy created successfully
"Provision a slice for smart city soil moisture probes, supporting 2000 devices with uplink rates of 500 kbps.",type_definition,msg_017brrxB4HzoRhcaqNnGPfHH,claude-opus-4-5-20251101,,"CacheCreation(ephemeral_1h_input_tokens=0, ephemeral_5m_input_tokens=0)",0,0,290,6,,standard,Policy created successfully
