intent,column,message_id,model,tool_use_names,usage_cache_creation,usage_cache_creation_input_tokens,usage_cache_read_input_tokens,usage_input_tokens,usage_output_tokens,usage_server_tool_use,usage_service_tier,policy_status
"Create a slice to support video journalists transmitting live footage from a downtown area, allowing up to 40 devices with downstream rates of 120 Mbps per device and a packet delay budget of 15 ms to keep streams smooth.",intent_processing,msg_01EaXvCSuofRCrzS6hZiziVF,claude-sonnet-4-5-20250929,create_session,"CacheCreation(ephemeral_1h_input_tokens=0, ephemeral_5m_input_tokens=0)",0,0,2463,205,,standard,Policy created successfully
"Create a slice to support video journalists transmitting live footage from a downtown area, allowing up to 40 devices with downstream rates of 120 Mbps per device and a packet delay budget of 15 ms to keep streams smooth.",type_definition,msg_01YZfmYG4eiPxAGuEGULeNyQ,claude-sonnet-4-5-20250929,,"CacheCreation(ephemeral_1h_input_tokens=0, ephemeral_5m_input_tokens=0)",0,0,310,7,,standard,Policy created successfully
"Provision a slice for a university campus event where attendees will upload and stream media, targeting uplink rates of 50 Mbps per device and downstream rates of 100 Mbps with latency capped at 20 ms.",intent_processing,msg_01Td8gmQSxWHV7VYp6MXSZ4Q,claude-sonnet-4-5-20250929,create_session,"CacheCreation(ephemeral_1h_input_tokens=0, ephemeral_5m_input_tokens=0)",0,0,3253,196,,standard,Policy created successfully
"Provision a slice for a university campus event where attendees will upload and stream media, targeting uplink rates of 50 Mbps per device and downstream rates of 100 Mbps with latency capped at 20 ms.",type_definition,msg_01VeSGgfocPVxvsDuxD7vrYV,claude-sonnet-4-5-20250929,,"CacheCreation(ephemeral_1h_input_tokens=0, ephemeral_5m_input_tokens=0)",0,0,312,7,,standard,Policy created successfully
"Set up a slice for a shopping mall to improve customer mobile experience, supporting 300 devices with downstream speeds of 80 Mbps per device and a packet delay budget of 25 ms.",intent_processing,msg_01PViTwtzG4c9QZso8sKbh6j,claude-sonnet-4-5-20250929,create_session,"CacheCreation(ephemeral_1h_input_tokens=0, ephemeral_5m_input_tokens=0)",0,0,4108,174,,standard,Policy created successfully
"Set up a slice for a shopping mall to improve customer mobile experience, supporting 300 devices with downstream speeds of 80 Mbps per device and a packet delay budget of 25 ms.",type_definition,msg_01DEnitPrf5UNeYjNudtqt5B,claude-sonnet-4-5-20250929,,"CacheCreation(ephemeral_1h_input_tokens=0, ephemeral_5m_input_tokens=0)",0,0,302,7,,standard,Policy created successfully
"Deploy a slice for a media production crew using AR headsets, requiring downstream throughput of 300 Mbps per device and latency not exceeding 10 ms.",intent_processing,msg_01Bm1QDwgD23DcHLzAfGLGSX,claude-sonnet-4-5-20250929,create_session,"CacheCreation(ephemeral_1h_input_tokens=0, ephemeral_5m_input_tokens=0)",0,0,4889,172,,standard,Policy created successfully
"Deploy a slice for a media production crew using AR headsets, requiring downstream throughput of 300 Mbps per device and latency not exceeding 10 ms.",type_definition,msg_01F7hoyLiKVC2xBwqWkDyUVJ,claude-sonnet-4-5-20250929,,"CacheCreation(ephemeral_1h_input_tokens=0, ephemeral_5m_input_tokens=0)",0,0,297,7,,standard,Policy created successfully
"Establish a slice for commuters in a busy train station, optimized for high-capacity browsing with support for 500 devices and downstream rates of 60 Mbps per device.",intent_processing,msg_01Lj3igKAU1pa3ynriMV7QgD,claude-sonnet-4-5-20250929,create_session,"CacheCreation(ephemeral_1h_input_tokens=0, ephemeral_5m_input_tokens=0)",0,0,5672,164,,standard,Policy created successfully
"Establish a slice for commuters in a busy train station, optimized for high-capacity browsing with support for 500 devices and downstream rates of 60 Mbps per device.",type_definition,msg_016hXCW27PNAtxZVZjn5Q26U,claude-sonnet-4-5-20250929,,"CacheCreation(ephemeral_1h_input_tokens=0, ephemeral_5m_input_tokens=0)",0,0,301,7,,standard,Policy created successfully
"Create a slice for a sports arena during live matches, prioritizing user experience with 150 Mbps downstream per device and packet delay budget of 15 ms.",intent_processing,msg_01W6kKB9Mtk6PRXj7rMEuEEv,claude-sonnet-4-5-20250929,create_session,"CacheCreation(ephemeral_1h_input_tokens=0, ephemeral_5m_input_tokens=0)",0,0,6416,175,,standard,Policy created successfully
"Create a slice for a sports arena during live matches, prioritizing user experience with 150 Mbps downstream per device and packet delay budget of 15 ms.",type_definition,msg_016fnc3Msce1BnV7EfuG1Gy1,claude-sonnet-4-5-20250929,,"CacheCreation(ephemeral_1h_input_tokens=0, ephemeral_5m_input_tokens=0)",0,0,295,7,,standard,Policy created successfully
"Provision a slice for an outdoor music festival where attendees share video clips, allowing up to 800 devices with uplink rates of 40 Mbps per device.",intent_processing,msg_012KoHcZENYZCgDGNfypnkqc,claude-sonnet-4-5-20250929,create_session,"CacheCreation(ephemeral_1h_input_tokens=0, ephemeral_5m_input_tokens=0)",0,0,7198,163,,standard,Policy created successfully
"Provision a slice for an outdoor music festival where attendees share video clips, allowing up to 800 devices with uplink rates of 40 Mbps per device.",type_definition,msg_017Ck482j9zukQCSHsFLjFea,claude-sonnet-4-5-20250929,,"CacheCreation(ephemeral_1h_input_tokens=0, ephemeral_5m_input_tokens=0)",0,0,297,7,,standard,Policy created successfully
"Design a slice for a business district to support cloud-based applications, targeting 100 Mbps downstream per device and latency around 20 ms.",intent_processing,msg_018gonjAWc65cwPatfGFVEwF,claude-sonnet-4-5-20250929,create_session,"CacheCreation(ephemeral_1h_input_tokens=0, ephemeral_5m_input_tokens=0)",0,0,7935,173,,standard,Policy created successfully
"Design a slice for a business district to support cloud-based applications, targeting 100 Mbps downstream per device and latency around 20 ms.",type_definition,msg_01S9PU9nsuf1Fkie9ZJMLxSy,claude-sonnet-4-5-20250929,,"CacheCreation(ephemeral_1h_input_tokens=0, ephemeral_5m_input_tokens=0)",0,0,293,7,,standard,Policy created successfully
"Deploy a slice for a convention center hosting tech demos, supporting 200 devices with 200 Mbps downstream rates and packet delay budget of 10 ms.",intent_processing,msg_01SbgctQpHo3ZMJfB6ZevNoq,claude-sonnet-4-5-20250929,create_session,"CacheCreation(ephemeral_1h_input_tokens=0, ephemeral_5m_input_tokens=0)",0,0,8711,171,,standard,Policy created successfully
"Deploy a slice for a convention center hosting tech demos, supporting 200 devices with 200 Mbps downstream rates and packet delay budget of 10 ms.",type_definition,msg_015gmm11NtNm7h99CmCAsEh3,claude-sonnet-4-5-20250929,,"CacheCreation(ephemeral_1h_input_tokens=0, ephemeral_5m_input_tokens=0)",0,0,295,7,,standard,Policy created successfully
"Create a slice to enhance mobile broadband along a highway corridor, ensuring downstream speeds of 90 Mbps per device and latency below 30 ms.",intent_processing,msg_011jvwKbSCtF3443MWW2tgmh,claude-sonnet-4-5-20250929,create_session,"CacheCreation(ephemeral_1h_input_tokens=0, ephemeral_5m_input_tokens=0)",0,0,9474,172,,standard,Policy created successfully
"Create a slice to enhance mobile broadband along a highway corridor, ensuring downstream speeds of 90 Mbps per device and latency below 30 ms.",type_definition,msg_01VLpG2JJ3BuTqXsDddYhJJL,claude-sonnet-4-5-20250929,,"CacheCreation(ephemeral_1h_input_tokens=0, ephemeral_5m_input_tokens=0)",0,0,294,7,,standard,Policy created successfully
"Provision a slice for a public square with heavy social media usage, supporting 600 devices and uplink rates of 35 Mbps per device.",intent_processing,msg_0143ae3nqHVFKVtFkjbFKp2U,claude-sonnet-4-5-20250929,create_session,"CacheCreation(ephemeral_1h_input_tokens=0, ephemeral_5m_input_tokens=0)",0,0,10245,160,,standard,Policy created successfully
"Provision a slice for a public square with heavy social media usage, supporting 600 devices and uplink rates of 35 Mbps per device.",type_definition,msg_01J9cUcbxYEEX3bLF2brXN6k,claude-sonnet-4-5-20250929,,"CacheCreation(ephemeral_1h_input_tokens=0, ephemeral_5m_input_tokens=0)",0,0,293,7,,standard,Policy created successfully
"Establish a slice for corporate offices using cloud desktops, with 120 Mbps downstream per device and packet delay budget of 15 ms.",intent_processing,msg_01Evgp6hKgeMdvEkzR3fN4Jh,claude-sonnet-4-5-20250929,create_session,"CacheCreation(ephemeral_1h_input_tokens=0, ephemeral_5m_input_tokens=0)",0,0,10987,172,,standard,Policy created successfully
"Establish a slice for corporate offices using cloud desktops, with 120 Mbps downstream per device and packet delay budget of 15 ms.",type_definition,msg_01Gz6rkSzU6uTEQthR8BtpZX,claude-sonnet-4-5-20250929,,"CacheCreation(ephemeral_1h_input_tokens=0, ephemeral_5m_input_tokens=0)",0,0,293,7,,standard,Policy created successfully
"Set up a slice for remote training sessions using VR, requiring 500 Mbps downstream per device and latency capped at 8 ms.",intent_processing,msg_01XsBsCtTnbrs12jStrEGcYh,claude-sonnet-4-5-20250929,create_session,"CacheCreation(ephemeral_1h_input_tokens=0, ephemeral_5m_input_tokens=0)",0,0,11768,170,,standard,Policy created successfully
"Set up a slice for remote training sessions using VR, requiring 500 Mbps downstream per device and latency capped at 8 ms.",type_definition,msg_01Y5Gef1L369PrTECerc7mr7,claude-sonnet-4-5-20250929,,"CacheCreation(ephemeral_1h_input_tokens=0, ephemeral_5m_input_tokens=0)",0,0,293,7,,standard,Policy created successfully
"Create a slice for a harbor area supporting logistics staff tablets, allowing 150 devices with downstream rates of 70 Mbps.",intent_processing,msg_01H8fFMz6VGgJFADLmyVDwJP,claude-sonnet-4-5-20250929,create_session,"CacheCreation(ephemeral_1h_input_tokens=0, ephemeral_5m_input_tokens=0)",0,0,12532,160,,standard,Policy created successfully
"Create a slice for a harbor area supporting logistics staff tablets, allowing 150 devices with downstream rates of 70 Mbps.",type_definition,msg_01MJc8PMX253fPc7VpgNs2VM,claude-sonnet-4-5-20250929,,"CacheCreation(ephemeral_1h_input_tokens=0, ephemeral_5m_input_tokens=0)",0,0,288,7,,standard,Policy created successfully
"Deploy a slice for tourists in a historical district, optimized for media consumption with 80 Mbps downstream per device and 25 ms latency.",intent_processing,msg_01Pr85Kj8hdapy1vGrUUABUe,claude-sonnet-4-5-20250929,create_session,"CacheCreation(ephemeral_1h_input_tokens=0, ephemeral_5m_input_tokens=0)",0,0,13268,174,,standard,Policy created successfully
"Deploy a slice for tourists in a historical district, optimized for media consumption with 80 Mbps downstream per device and 25 ms latency.",type_definition,msg_01GefXiwRNHoZkZTbZ8b9QLB,claude-sonnet-4-5-20250929,,"CacheCreation(ephemeral_1h_input_tokens=0, ephemeral_5m_input_tokens=0)",0,0,293,7,,standard,Policy created successfully
"Provision a slice for a TV broadcast van zone, prioritizing uplink capacity of 200 Mbps per device and packet delay budget of 12 ms.",intent_processing,msg_01EQLAboYRLca7dqgJ67v7TB,claude-sonnet-4-5-20250929,create_session,"CacheCreation(ephemeral_1h_input_tokens=0, ephemeral_5m_input_tokens=0)",0,0,14043,169,,standard,Policy created successfully
"Provision a slice for a TV broadcast van zone, prioritizing uplink capacity of 200 Mbps per device and packet delay budget of 12 ms.",type_definition,msg_01CkLRCBa63YFhujDXHuduT8,claude-sonnet-4-5-20250929,,"CacheCreation(ephemeral_1h_input_tokens=0, ephemeral_5m_input_tokens=0)",0,0,295,7,,standard,Policy created successfully
"Establish a slice for co-working spaces, supporting 250 devices with downstream speeds of 100 Mbps per device.",intent_processing,msg_017CbNhbkYJcr8yDsPS5K5WS,claude-sonnet-4-5-20250929,create_session,"CacheCreation(ephemeral_1h_input_tokens=0, ephemeral_5m_input_tokens=0)",0,0,14805,157,,standard,Policy created successfully
"Establish a slice for co-working spaces, supporting 250 devices with downstream speeds of 100 Mbps per device.",type_definition,msg_01U7ucECRGrV978tmeHTewtF,claude-sonnet-4-5-20250929,,"CacheCreation(ephemeral_1h_input_tokens=0, ephemeral_5m_input_tokens=0)",0,0,288,7,,standard,Policy created successfully
"Create a slice for a retail analytics platform using video feeds, requiring 150 Mbps downstream and latency below 20 ms.",intent_processing,msg_01PquyGKCxyHj7zFPRyc96KB,claude-sonnet-4-5-20250929,,"CacheCreation(ephemeral_1h_input_tokens=0, ephemeral_5m_input_tokens=0)",0,0,2442,126,,standard,
"Deploy a slice for mobile gaming users in a city park, targeting 120 Mbps downstream per device and 10 ms latency.",intent_processing,msg_012JWc2JUSnemXpXVstBsh2x,claude-sonnet-4-5-20250929,,"CacheCreation(ephemeral_1h_input_tokens=0, ephemeral_5m_input_tokens=0)",0,0,2879,123,,standard,
"Provision a slice for financial traders on the move, with 90 Mbps downstream per device and packet delay budget of 10 ms.",intent_processing,msg_015gHwVBhTq4VnFKtkGkMFM6,claude-sonnet-4-5-20250929,,"CacheCreation(ephemeral_1h_input_tokens=0, ephemeral_5m_input_tokens=0)",0,0,3314,120,,standard,
"Create a slice to control autonomous delivery robots in an industrial zone, requiring packet delay budget of 3 ms and uplink rates of 20 Mbps per device.",intent_processing,msg_01H6dTa4ubYUD13s4JUYDguj,claude-sonnet-4-5-20250929,,"CacheCreation(ephemeral_1h_input_tokens=0, ephemeral_5m_input_tokens=0)",0,0,3751,122,,standard,
"Provision a slice for drone traffic management, supporting 60 devices with latency capped at 5 ms and downstream rates of 30 Mbps.",intent_processing,msg_01Go4GHMPQ7aDDwF6jDZstpf,claude-sonnet-4-5-20250929,,"CacheCreation(ephemeral_1h_input_tokens=0, ephemeral_5m_input_tokens=0)",0,0,4189,131,,standard,
"Establish a slice for automated guided vehicles in a factory, prioritizing ultra-low latency of 2 ms and uplink throughput of 25 Mbps.",intent_processing,msg_01DUwpTkW9RULMDZegEGhpYa,claude-sonnet-4-5-20250929,,"CacheCreation(ephemeral_1h_input_tokens=0, ephemeral_5m_input_tokens=0)",0,0,4638,132,,standard,
"Deploy a slice for remote crane operation at a port, requiring 1 ms packet delay budget and 50 Mbps downstream per device.",intent_processing,msg_01Q9Vi2bY2xFzj5wuH4MVp3Y,claude-sonnet-4-5-20250929,,"CacheCreation(ephemeral_1h_input_tokens=0, ephemeral_5m_input_tokens=0)",0,0,5081,129,,standard,
"Create a slice for railway signaling systems, supporting 120 devices with latency not exceeding 4 ms.",intent_processing,msg_012kqXbQiFReE7sV4qRjUm1T,claude-sonnet-4-5-20250929,,"CacheCreation(ephemeral_1h_input_tokens=0, ephemeral_5m_input_tokens=0)",0,0,5516,167,,standard,
"Provision a slice for emergency response vehicle coordination, targeting uplink rates of 40 Mbps and latency under 5 ms.",intent_processing,msg_01GECiecqjanxXzTcbLfxdWZ,claude-sonnet-4-5-20250929,,"CacheCreation(ephemeral_1h_input_tokens=0, ephemeral_5m_input_tokens=0)",0,0,5994,130,,standard,
"Establish a slice for robotic assembly lines, requiring downstream rates of 60 Mbps per device and packet delay budget of 3 ms.",intent_processing,msg_01LxtLBJnoNNrYQWdoeLyY3K,claude-sonnet-4-5-20250929,,"CacheCreation(ephemeral_1h_input_tokens=0, ephemeral_5m_input_tokens=0)",0,0,6437,134,,standard,
"Deploy a slice for power grid protection relays, supporting 300 devices with latency capped at 4 ms.",intent_processing,msg_017pckShLyLkYXJKgsMTvyoz,claude-sonnet-4-5-20250929,,"CacheCreation(ephemeral_1h_input_tokens=0, ephemeral_5m_input_tokens=0)",0,0,6878,178,,standard,
"Create a slice for autonomous bus control systems, allowing 80 devices with latency below 5 ms and uplink rates of 30 Mbps.",intent_processing,msg_012EVX3KeqFF7U2RZjzNtXrK,claude-sonnet-4-5-20250929,,"CacheCreation(ephemeral_1h_input_tokens=0, ephemeral_5m_input_tokens=0)",0,0,7371,144,,standard,
"Provision a slice for real-time traffic light coordination, requiring 10 Mbps uplink per device and packet delay budget of 6 ms.",intent_processing,msg_016KR8aT8LxwnTfnafq7Toaq,claude-sonnet-4-5-20250929,,"CacheCreation(ephemeral_1h_input_tokens=0, ephemeral_5m_input_tokens=0)",0,0,2446,171,,standard,
"Establish a slice for remote medical equipment monitoring, prioritizing latency of 5 ms and downstream rates of 25 Mbps.",intent_processing,msg_01Udrx9Edtk9fhZqXon5h83F,claude-sonnet-4-5-20250929,,"CacheCreation(ephemeral_1h_input_tokens=0, ephemeral_5m_input_tokens=0)",0,0,2928,168,,standard,
"Deploy a slice for collaborative industrial robots, supporting 50 devices with latency capped at 2 ms.",intent_processing,msg_01KKNwiTcjCKSnFMMJoLFi7w,claude-sonnet-4-5-20250929,,"CacheCreation(ephemeral_1h_input_tokens=0, ephemeral_5m_input_tokens=0)",0,0,3401,140,,standard,
"Create a slice for precision agriculture machinery control, requiring uplink rates of 20 Mbps and packet delay budget of 7 ms.",intent_processing,msg_01L5vtcdP9Af6JZzJTL8m31n,claude-sonnet-4-5-20250929,,"CacheCreation(ephemeral_1h_input_tokens=0, ephemeral_5m_input_tokens=0)",0,0,3852,167,,standard,
"Provision a slice for automated warehouse sorting systems, allowing 150 devices with latency under 5 ms.",intent_processing,msg_017NRDzEXvtS18gDGSqUmpxW,claude-sonnet-4-5-20250929,,"CacheCreation(ephemeral_1h_input_tokens=0, ephemeral_5m_input_tokens=0)",0,0,4324,145,,standard,
"Establish a slice for tunnel safety systems, supporting 400 devices with latency capped at 6 ms.",intent_processing,msg_013BCsfQyLTnp36BGUzmPmaZ,claude-sonnet-4-5-20250929,,"CacheCreation(ephemeral_1h_input_tokens=0, ephemeral_5m_input_tokens=0)",0,0,4775,144,,standard,
"Deploy a slice for real-time video feedback in remote inspections, requiring 80 Mbps downstream per device and latency of 5 ms.",intent_processing,msg_013J8xpF1KC9BrrsKHTeR5gx,claude-sonnet-4-5-20250929,,"CacheCreation(ephemeral_1h_input_tokens=0, ephemeral_5m_input_tokens=0)",0,0,5233,151,,standard,
"Create a slice for autonomous mining vehicles, allowing 70 devices with packet delay budget of 4 ms.",intent_processing,msg_01Xw7PWELznqS5W65F9GoFdv,claude-sonnet-4-5-20250929,,"CacheCreation(ephemeral_1h_input_tokens=0, ephemeral_5m_input_tokens=0)",0,0,5688,144,,standard,
"Provision a slice for industrial motion control networks, requiring latency not exceeding 2 ms and uplink rates of 15 Mbps.",intent_processing,msg_01D3j4r81arZdzkYcknTcZLE,claude-sonnet-4-5-20250929,,"CacheCreation(ephemeral_1h_input_tokens=0, ephemeral_5m_input_tokens=0)",0,0,6145,147,,standard,
"Establish a slice for airport ground vehicle coordination, supporting 200 devices with latency capped at 5 ms.",intent_processing,msg_015xsvij9Gtr3orh6Hio6dAV,claude-sonnet-4-5-20250929,,"CacheCreation(ephemeral_1h_input_tokens=0, ephemeral_5m_input_tokens=0)",0,0,6599,143,,standard,
"Deploy a slice for remote surgery assistance systems, requiring downstream rates of 1 Gbps per device and packet delay budget of 1 ms.",intent_processing,msg_017PySbM2fet2S4uE53JhUWi,claude-sonnet-4-5-20250929,,"CacheCreation(ephemeral_1h_input_tokens=0, ephemeral_5m_input_tokens=0)",0,0,7054,148,,standard,
"Create a slice for environmental sensors monitoring air quality across a city district, supporting up to 3000 devices with uplink rates of 1 Mbps per device.",intent_processing,msg_013MyHdZgkkeLnjYstRexWXJ,claude-sonnet-4-5-20250929,,"CacheCreation(ephemeral_1h_input_tokens=0, ephemeral_5m_input_tokens=0)",0,0,7519,154,,standard,
"Provision a slice for smart parking sensors, allowing 2500 devices with packet delay budget of 100 ms.",intent_processing,msg_01UjW5cbrpMgj38Z7ndnUN9b,claude-sonnet-4-5-20250929,,"CacheCreation(ephemeral_1h_input_tokens=0, ephemeral_5m_input_tokens=0)",0,0,7979,144,,standard,
"Establish a slice for utility metering infrastructure, supporting 4000 devices with uplink rates of 500 kbps per device.",intent_processing,msg_01S68JGPbHEYnaMUQYvJgpPY,claude-sonnet-4-5-20250929,,"CacheCreation(ephemeral_1h_input_tokens=0, ephemeral_5m_input_tokens=0)",0,0,8434,152,,standard,
"Deploy a slice for waste management sensors, allowing 1800 devices with latency tolerance of 150 ms.",intent_processing,msg_01R1iAzHRZBeDnxMFKTZmPSZ,claude-sonnet-4-5-20250929,,"CacheCreation(ephemeral_1h_input_tokens=0, ephemeral_5m_input_tokens=0)",0,0,8891,146,,standard,
"Create a slice for flood monitoring sensors along a river, supporting 1200 devices with uplink rates of 800 kbps.",intent_processing,msg_01WN7UgQHaiBCDqz8vzoVd5a,claude-sonnet-4-5-20250929,,"CacheCreation(ephemeral_1h_input_tokens=0, ephemeral_5m_input_tokens=0)",0,0,9347,155,,standard,
"Provision a slice for agricultural soil sensors, allowing 2200 devices with packet delay budget of 200 ms.",intent_processing,msg_01DVrzJRjb9RhrQzq7cWSyfD,claude-sonnet-4-5-20250929,,"CacheCreation(ephemeral_1h_input_tokens=0, ephemeral_5m_input_tokens=0)",0,0,9808,144,,standard,
"Establish a slice for street lighting control nodes, supporting 3500 devices with uplink rates of 300 kbps.",intent_processing,msg_01BgdiRsRENcBFCszWTZMTMR,claude-sonnet-4-5-20250929,,"CacheCreation(ephemeral_1h_input_tokens=0, ephemeral_5m_input_tokens=0)",0,0,10261,153,,standard,
"Deploy a slice for weather stations in rural areas, allowing 900 devices with latency tolerance of 250 ms.",intent_processing,msg_01UoLN1CF2eKkavME4dzU9Yh,claude-sonnet-4-5-20250929,,"CacheCreation(ephemeral_1h_input_tokens=0, ephemeral_5m_input_tokens=0)",0,0,10720,145,,standard,
"Create a slice for industrial condition monitoring sensors, supporting 1600 devices with uplink rates of 1 Mbps.",intent_processing,msg_015GkJP4876VGZowedP4q6S9,claude-sonnet-4-5-20250929,,"CacheCreation(ephemeral_1h_input_tokens=0, ephemeral_5m_input_tokens=0)",0,0,11173,153,,standard,
"Provision a slice for smart water distribution sensors, allowing 2800 devices with packet delay budget of 120 ms.",intent_processing,msg_01GxDRLsZeDEfpTJGMJmFp7r,claude-sonnet-4-5-20250929,,"CacheCreation(ephemeral_1h_input_tokens=0, ephemeral_5m_input_tokens=0)",0,0,11633,147,,standard,
"Establish a slice for noise pollution monitoring units, supporting 1400 devices with uplink rates of 600 kbps.",intent_processing,msg_01BXPuyafvstcHf4aHFdk5kE,claude-sonnet-4-5-20250929,,"CacheCreation(ephemeral_1h_input_tokens=0, ephemeral_5m_input_tokens=0)",0,0,12089,155,,standard,
"Deploy a slice for pipeline pressure sensors, allowing 2000 devices with latency tolerance of 180 ms.",intent_processing,msg_01XaZiiKaXygGmTY8s6Ra7ZJ,claude-sonnet-4-5-20250929,,"CacheCreation(ephemeral_1h_input_tokens=0, ephemeral_5m_input_tokens=0)",0,0,12549,146,,standard,
"Create a slice for smart agriculture weather probes, supporting 1100 devices with uplink rates of 700 kbps.",intent_processing,msg_01V7pvjUsyEt5u3ev8MRr3hn,claude-sonnet-4-5-20250929,,"CacheCreation(ephemeral_1h_input_tokens=0, ephemeral_5m_input_tokens=0)",0,0,13004,155,,standard,
"Provision a slice for building management sensors in commercial zones, allowing 3200 devices with packet delay budget of 100 ms.",intent_processing,msg_01Htfrq9gE9A6bDfcAWHHvTs,claude-sonnet-4-5-20250929,,"CacheCreation(ephemeral_1h_input_tokens=0, ephemeral_5m_input_tokens=0)",0,0,13468,149,,standard,
"Establish a slice for public transportation telemetry sensors, supporting 1700 devices with uplink rates of 900 kbps.",intent_processing,msg_01MgXFaxBc5UUFkSNKmEJNNn,claude-sonnet-4-5-20250929,,"CacheCreation(ephemeral_1h_input_tokens=0, ephemeral_5m_input_tokens=0)",0,0,13928,156,,standard,
"Deploy a slice for smart irrigation controllers, allowing 2600 devices with latency tolerance of 200 ms.",intent_processing,msg_01AW6XGQ5JbawjJXXb5jFooV,claude-sonnet-4-5-20250929,,"CacheCreation(ephemeral_1h_input_tokens=0, ephemeral_5m_input_tokens=0)",0,0,14389,144,,standard,
"Create a slice for cold-chain temperature sensors, supporting 1500 devices with uplink rates of 500 kbps.",intent_processing,msg_019pREdHB1inPEgzecrhcHJV,claude-sonnet-4-5-20250929,,"CacheCreation(ephemeral_1h_input_tokens=0, ephemeral_5m_input_tokens=0)",0,0,14842,153,,standard,
"Provision a slice for structural health monitoring sensors on bridges, allowing 800 devices with packet delay budget of 150 ms.",intent_processing,msg_018GC1e3oPZWj6Hg6rUdcar8,claude-sonnet-4-5-20250929,,"CacheCreation(ephemeral_1h_input_tokens=0, ephemeral_5m_input_tokens=0)",0,0,15303,150,,standard,
"Establish a slice for city-wide asset tracking tags, supporting 4200 devices with uplink rates of 400 kbps.",intent_processing,msg_01HxpKf4jC1kPVupCCjsntPD,claude-sonnet-4-5-20250929,,"CacheCreation(ephemeral_1h_input_tokens=0, ephemeral_5m_input_tokens=0)",0,0,15764,157,,standard,
"Deploy a slice for smart recycling bin sensors, allowing 2300 devices with latency tolerance of 180 ms.",intent_processing,msg_01VJx42oZoom2uZzZ7Jv17B3,claude-sonnet-4-5-20250929,,"CacheCreation(ephemeral_1h_input_tokens=0, ephemeral_5m_input_tokens=0)",0,0,16228,150,,standard,
"Create a slice for a mobile esports tournament, requiring downstream rates of 250 Mbps per device and packet delay budget of 12 ms.",intent_processing,msg_01R1YKn1PptVCZTdsYExPp7M,claude-sonnet-4-5-20250929,,"CacheCreation(ephemeral_1h_input_tokens=0, ephemeral_5m_input_tokens=0)",0,0,16691,150,,standard,
"Provision a slice for film editors working remotely on-site, allowing 60 devices with 400 Mbps downstream per device.",intent_processing,msg_013xuyCA8zujJxAQbbXL4ciq,claude-sonnet-4-5-20250929,,"CacheCreation(ephemeral_1h_input_tokens=0, ephemeral_5m_input_tokens=0)",0,0,17152,154,,standard,
"Establish a slice for city surveillance analysts reviewing HD feeds, requiring 200 Mbps downstream and latency under 20 ms.",intent_processing,msg_015yoSqDErAtFUVs2KEV4A3u,claude-sonnet-4-5-20250929,,"CacheCreation(ephemeral_1h_input_tokens=0, ephemeral_5m_input_tokens=0)",0,0,17616,149,,standard,
"Deploy a slice for interactive advertising screens, supporting 100 devices with downstream rates of 150 Mbps.",intent_processing,msg_01EfbHQh316aSPAc9fVonjMc,claude-sonnet-4-5-20250929,,"CacheCreation(ephemeral_1h_input_tokens=0, ephemeral_5m_input_tokens=0)",0,0,18070,149,,standard,
"Create a slice for maritime passenger terminals, prioritizing user experience with 90 Mbps downstream per device.",intent_processing,msg_01LqZuza9jZ2kxNgj1S2fomn,claude-sonnet-4-5-20250929,,"CacheCreation(ephemeral_1h_input_tokens=0, ephemeral_5m_input_tokens=0)",0,0,18523,152,,standard,
"Provision a slice for automated train door control systems, supporting 500 devices with latency capped at 4 ms.",intent_processing,msg_01LacFyZG4YyS9HQijM6GfZJ,claude-sonnet-4-5-20250929,,"CacheCreation(ephemeral_1h_input_tokens=0, ephemeral_5m_input_tokens=0)",0,0,18983,146,,standard,
"Establish a slice for robotic firefighting units, requiring uplink rates of 35 Mbps and packet delay budget of 3 ms.",intent_processing,msg_018hBanaPShCiTEWddJF37fT,claude-sonnet-4-5-20250929,,"CacheCreation(ephemeral_1h_input_tokens=0, ephemeral_5m_input_tokens=0)",0,0,19442,152,,standard,
"Deploy a slice for collision avoidance systems at intersections, allowing 600 devices with latency under 5 ms.",intent_processing,msg_01AqfMkF7zyZz7L23VpnKQYr,claude-sonnet-4-5-20250929,,"CacheCreation(ephemeral_1h_input_tokens=0, ephemeral_5m_input_tokens=0)",0,0,19902,153,,standard,
"Create a slice for remote heavy machinery diagnostics, requiring downstream rates of 70 Mbps and latency of 6 ms.",intent_processing,msg_019ujmcEEdmPfMk9p3r96ayg,claude-sonnet-4-5-20250929,,"CacheCreation(ephemeral_1h_input_tokens=0, ephemeral_5m_input_tokens=0)",0,0,20365,148,,standard,
"Provision a slice for automated port gate operations, supporting 250 devices with packet delay budget of 4 ms.",intent_processing,msg_01SNnzTxTcmSDyutChtj6JTq,claude-sonnet-4-5-20250929,,"CacheCreation(ephemeral_1h_input_tokens=0, ephemeral_5m_input_tokens=0)",0,0,20819,146,,standard,
"Establish a slice for city bike availability sensors, allowing 3100 devices with uplink rates of 300 kbps.",intent_processing,msg_01X56bfLzVQ8YgMePkKBDnar,claude-sonnet-4-5-20250929,,"CacheCreation(ephemeral_1h_input_tokens=0, ephemeral_5m_input_tokens=0)",0,0,21274,153,,standard,
"Deploy a slice for smart vending machine telemetry, supporting 1900 devices with latency tolerance of 200 ms.",intent_processing,msg_015Wt797rPGtrTJQBWHG9Gke,claude-sonnet-4-5-20250929,,"CacheCreation(ephemeral_1h_input_tokens=0, ephemeral_5m_input_tokens=0)",0,0,21736,150,,standard,
"Create a slice for energy consumption sensors in industrial parks, allowing 2700 devices with uplink rates of 800 kbps.",intent_processing,msg_01KmN97sbTShTjDpvHTk6KRL,claude-sonnet-4-5-20250929,,"CacheCreation(ephemeral_1h_input_tokens=0, ephemeral_5m_input_tokens=0)",0,0,22196,155,,standard,
"Provision a slice for public restroom occupancy sensors, supporting 2100 devices with packet delay budget of 150 ms.",intent_processing,msg_014BQdq1yKaM4PmUkgxrouEu,claude-sonnet-4-5-20250929,,"CacheCreation(ephemeral_1h_input_tokens=0, ephemeral_5m_input_tokens=0)",0,0,22660,149,,standard,
"Establish a slice for smart bus stop information panels, allowing 1200 devices with uplink rates of 600 kbps.",intent_processing,msg_01Ms2o3FfRsQrNeopLhRX32U,claude-sonnet-4-5-20250929,,"CacheCreation(ephemeral_1h_input_tokens=0, ephemeral_5m_input_tokens=0)",0,0,23119,153,,standard,
"Create a slice for immersive museum AR guides, requiring 180 Mbps downstream per device and latency of 15 ms.",intent_processing,msg_01Ab3v26n4kkddJjoBHKt64a,claude-sonnet-4-5-20250929,,"CacheCreation(ephemeral_1h_input_tokens=0, ephemeral_5m_input_tokens=0)",0,0,23583,152,,standard,
"Provision a slice for urban telepresence kiosks, allowing 90 devices with downstream rates of 300 Mbps.",intent_processing,msg_01L7kRRTBgUVu3XHBcbgQ8c7,claude-sonnet-4-5-20250929,,"CacheCreation(ephemeral_1h_input_tokens=0, ephemeral_5m_input_tokens=0)",0,0,24045,161,,standard,
"Establish a slice for real-time map updates for ride-sharing fleets, supporting 400 devices with uplink rates of 45 Mbps.",intent_processing,msg_01M9vNSrqs7YZKip5Wsmiqzo,claude-sonnet-4-5-20250929,,"CacheCreation(ephemeral_1h_input_tokens=0, ephemeral_5m_input_tokens=0)",0,0,24521,160,,standard,
"Deploy a slice for live election coverage teams, requiring 250 Mbps uplink per device and packet delay budget of 18 ms.",intent_processing,msg_018NS7ogqPMEHPEBMbVRwQw9,claude-sonnet-4-5-20250929,,"CacheCreation(ephemeral_1h_input_tokens=0, ephemeral_5m_input_tokens=0)",0,0,24992,148,,standard,
"Create a slice for city-wide WiMAX replacement broadband, supporting 700 devices with downstream rates of 85 Mbps.",intent_processing,msg_01Vpb2xuNocZrKCnENuVSUz8,claude-sonnet-4-5-20250929,,"CacheCreation(ephemeral_1h_input_tokens=0, ephemeral_5m_input_tokens=0)",0,0,25452,149,,standard,
"Provision a slice for synchronized traffic camera control, allowing 350 devices with latency under 6 ms.",intent_processing,msg_01Bs6MKGU6n2MxVZZ9WBFaCn,claude-sonnet-4-5-20250929,,"CacheCreation(ephemeral_1h_input_tokens=0, ephemeral_5m_input_tokens=0)",0,0,25906,147,,standard,
"Establish a slice for industrial alarm systems, supporting 900 devices with packet delay budget of 5 ms.",intent_processing,msg_018G1w13a1i8B5WdK3W3yi6k,claude-sonnet-4-5-20250929,,"CacheCreation(ephemeral_1h_input_tokens=0, ephemeral_5m_input_tokens=0)",0,0,26358,143,,standard,
"Deploy a slice for remote vehicle diagnostics in motion, requiring uplink rates of 25 Mbps and latency of 7 ms.",intent_processing,msg_017sVyi4p8Ybm4QiVTq3uLzz,claude-sonnet-4-5-20250929,,"CacheCreation(ephemeral_1h_input_tokens=0, ephemeral_5m_input_tokens=0)",0,0,26813,147,,standard,
"Create a slice for automated toll gate controls, allowing 450 devices with latency capped at 6 ms.",intent_processing,msg_017Xj2FLVzZXjCvK1q1Z7kKk,claude-sonnet-4-5-20250929,,"CacheCreation(ephemeral_1h_input_tokens=0, ephemeral_5m_input_tokens=0)",0,0,27266,147,,standard,
"Provision a slice for coordinated drone light shows, supporting 500 devices with packet delay budget of 5 ms.",intent_processing,msg_01CBJkaP914y7KBZAGg8DA9P,claude-sonnet-4-5-20250929,,"CacheCreation(ephemeral_1h_input_tokens=0, ephemeral_5m_input_tokens=0)",0,0,27720,143,,standard,
"Establish a slice for environmental radiation sensors, allowing 1000 devices with uplink rates of 700 kbps.",intent_processing,msg_01JKptwtGs13Ny7oxzg11oPm,claude-sonnet-4-5-20250929,,"CacheCreation(ephemeral_1h_input_tokens=0, ephemeral_5m_input_tokens=0)",0,0,28171,151,,standard,
"Deploy a slice for smart locker systems, supporting 1800 devices with latency tolerance of 150 ms.",intent_processing,msg_01B6Nid5QM3YzhdRZPFsVpEk,claude-sonnet-4-5-20250929,,"CacheCreation(ephemeral_1h_input_tokens=0, ephemeral_5m_input_tokens=0)",0,0,28628,147,,standard,
"Create a slice for city fountain control sensors, allowing 900 devices with uplink rates of 400 kbps.",intent_processing,msg_0115kjHp6aEJfHKFB7GCNt6B,claude-sonnet-4-5-20250929,,"CacheCreation(ephemeral_1h_input_tokens=0, ephemeral_5m_input_tokens=0)",0,0,29082,152,,standard,
"Provision a slice for coastal erosion monitoring sensors, supporting 1300 devices with packet delay budget of 200 ms.",intent_processing,msg_012gK6icoqQQ6z5vV57LrzYC,claude-sonnet-4-5-20250929,,"CacheCreation(ephemeral_1h_input_tokens=0, ephemeral_5m_input_tokens=0)",0,0,29542,150,,standard,
"Establish a slice for smart traffic sign telemetry, allowing 2400 devices with uplink rates of 500 kbps.",intent_processing,msg_01MbAnnyURjCfMrNxjLJSf3F,claude-sonnet-4-5-20250929,,"CacheCreation(ephemeral_1h_input_tokens=0, ephemeral_5m_input_tokens=0)",0,0,30003,158,,standard,
"Create a slice for urban drone video inspections, requiring downstream rates of 220 Mbps and latency under 15 ms.",intent_processing,msg_01CbEs1va3eMjVgsp3p8Yd4R,claude-sonnet-4-5-20250929,,"CacheCreation(ephemeral_1h_input_tokens=0, ephemeral_5m_input_tokens=0)",0,0,30471,148,,standard,
"Provision a slice for live online education broadcasting, supporting 300 devices with downstream rates of 140 Mbps.",intent_processing,msg_01GaintbWJe3c79MXeEh9FzV,claude-sonnet-4-5-20250929,,"CacheCreation(ephemeral_1h_input_tokens=0, ephemeral_5m_input_tokens=0)",0,0,30926,151,,standard,
"Establish a slice for pop-up business expos, allowing 500 devices with packet delay budget of 25 ms.",intent_processing,msg_01A4JEEAFai9CjyJy8EM83Rm,claude-sonnet-4-5-20250929,,"CacheCreation(ephemeral_1h_input_tokens=0, ephemeral_5m_input_tokens=0)",0,0,31385,144,,standard,
"Deploy a slice for automated rail switch control, supporting 700 devices with latency capped at 4 ms.",intent_processing,msg_01VPgkduXNxvjHd8e6F5BRxo,claude-sonnet-4-5-20250929,,"CacheCreation(ephemeral_1h_input_tokens=0, ephemeral_5m_input_tokens=0)",0,0,31835,147,,standard,
"Create a slice for synchronized robotic welding, requiring uplink rates of 30 Mbps and packet delay budget of 2 ms.",intent_processing,msg_01A4BRrrMmwAgFpKEBUx13uu,claude-sonnet-4-5-20250929,,"CacheCreation(ephemeral_1h_input_tokens=0, ephemeral_5m_input_tokens=0)",0,0,32294,152,,standard,
"Provision a slice for smart greenhouse climate sensors, allowing 1600 devices with latency tolerance of 180 ms.",intent_processing,msg_017gjb2A76nRPWEvkrG8Y8gf,claude-sonnet-4-5-20250929,,"CacheCreation(ephemeral_1h_input_tokens=0, ephemeral_5m_input_tokens=0)",0,0,32753,147,,standard,
"Establish a slice for public safety siren monitoring, supporting 1100 devices with uplink rates of 600 kbps.",intent_processing,msg_015jHpFaEEzFyHCzTV1ursn9,claude-sonnet-4-5-20250929,,"CacheCreation(ephemeral_1h_input_tokens=0, ephemeral_5m_input_tokens=0)",0,0,33210,158,,standard,
"Deploy a slice for high-resolution mobile mapping vehicles, requiring 350 Mbps uplink per device and latency of 20 ms.",intent_processing,msg_01LsSZhPyQ4GsShNGsoHC5Rm,claude-sonnet-4-5-20250929,,"CacheCreation(ephemeral_1h_input_tokens=0, ephemeral_5m_input_tokens=0)",0,0,33680,149,,standard,
"Create a slice for autonomous ferry navigation systems, allowing 90 devices with packet delay budget of 3 ms.",intent_processing,msg_01KPzj5fSFy5mMQTDwNRXoJ3,claude-sonnet-4-5-20250929,,"CacheCreation(ephemeral_1h_input_tokens=0, ephemeral_5m_input_tokens=0)",0,0,34134,146,,standard,
"Provision a slice for smart city soil moisture probes, supporting 2000 devices with uplink rates of 500 kbps.",intent_processing,msg_017DdY3HaAAHEC2LzLWnNxBa,claude-sonnet-4-5-20250929,,"CacheCreation(ephemeral_1h_input_tokens=0, ephemeral_5m_input_tokens=0)",0,0,34591,157,,standard,
