intent,response_kind,response_id,function_call_name,create_time,model_version,candidates_token_count,prompt_token_count,thoughts_token_count,total_token_count,policy_status
"Create a slice to support video journalists transmitting live footage from a downtown area, allowing up to 40 devices with downstream rates of 120 Mbps per device and a packet delay budget of 15 ms to keep streams smooth.",intent_processing,Clp2aZSFA4Lrz7IP-fi1mQs,create_session,None,gemini-3-flash-preview,83,1538,2008,3629,Policy created successfully
"Create a slice to support video journalists transmitting live footage from a downtown area, allowing up to 40 devices with downstream rates of 120 Mbps per device and a packet delay budget of 15 ms to keep streams smooth.",type_definition,DVp2acqeH_jUz7IPuYqw0Qs,,None,gemini-3-flash-preview,3,282,451,736,Policy created successfully
"Provision a slice for a university campus event where attendees will upload and stream media, targeting uplink rates of 50 Mbps per device and downstream rates of 100 Mbps with latency capped at 20 ms.",intent_processing,XVp2aZLgI4zAqtsPrtrc4Q0,create_session,None,gemini-3-flash-preview,183,1834,3174,5191,Policy created successfully
"Provision a slice for a university campus event where attendees will upload and stream media, targeting uplink rates of 50 Mbps per device and downstream rates of 100 Mbps with latency capped at 20 ms.",type_definition,YFp2acHdH5qqqtsPme272AY,,None,gemini-3-flash-preview,3,278,323,604,Policy created successfully
"Set up a slice for a shopping mall to improve customer mobile experience, supporting 300 devices with downstream speeds of 80 Mbps per device and a packet delay budget of 25 ms.",intent_processing,s1p2acHuGsiez7IPydjKsQ8,create_session,None,gemini-3-flash-preview,284,2127,3773,6184,Policy created successfully
"Set up a slice for a shopping mall to improve customer mobile experience, supporting 300 devices with downstream speeds of 80 Mbps per device and a packet delay budget of 25 ms.",type_definition,tlp2aa-yK8mcqtsPwJLE0QU,,None,gemini-3-flash-preview,3,275,262,540,Policy created successfully
"Deploy a slice for a media production crew using AR headsets, requiring downstream throughput of 300 Mbps per device and latency not exceeding 10 ms.",intent_processing,DFt2aeDVBNboz7IP7Zj1yAs,create_session,None,gemini-3-flash-preview,348,2411,4236,6995,Policy created successfully
"Deploy a slice for a media production crew using AR headsets, requiring downstream throughput of 300 Mbps per device and latency not exceeding 10 ms.",type_definition,D1t2aazBGcnrz7IPtcXDwA4,,None,gemini-3-flash-preview,3,266,398,667,Policy created successfully
"Establish a slice for commuters in a busy train station, optimized for high-capacity browsing with support for 500 devices and downstream rates of 60 Mbps per device.",intent_processing,Xlt2af_bOtzVz7IPxZDS2Qs,create_session,None,gemini-3-flash-preview,431,2699,3018,6148,Policy created successfully
"Establish a slice for commuters in a busy train station, optimized for high-capacity browsing with support for 500 devices and downstream rates of 60 Mbps per device.",type_definition,YVt2afq-Ctasz7IPmKbv6Qo,,None,gemini-3-flash-preview,3,270,262,535,Policy created successfully
"Create a slice for a sports arena during live matches, prioritizing user experience with 150 Mbps downstream per device and packet delay budget of 15 ms.",intent_processing,xFt2aaCDNfrBqtsPpcWF0AY,create_session,None,gemini-3-flash-preview,540,2984,6461,9985,Policy created successfully
"Create a slice for a sports arena during live matches, prioritizing user experience with 150 Mbps downstream per device and packet delay budget of 15 ms.",type_definition,x1t2afbREubCqtsP2bmD4A0,,None,gemini-3-flash-preview,3,267,249,519,Policy created successfully
"Provision a slice for an outdoor music festival where attendees share video clips, allowing up to 800 devices with uplink rates of 40 Mbps per device.",intent_processing,Glx2abK-C6-6qtsPyrzywA0,create_session,None,gemini-3-flash-preview,578,3269,3311,7158,Policy created successfully
"Provision a slice for an outdoor music festival where attendees share video clips, allowing up to 800 devices with uplink rates of 40 Mbps per device.",type_definition,HFx2aYXaCaetqtsP3-fk-A0,,None,gemini-3-flash-preview,3,267,185,455,Policy created successfully
"Design a slice for a business district to support cloud-based applications, targeting 100 Mbps downstream per device and latency around 20 ms.",intent_processing,b1x2aan0CIanmtkP3uzA8Q0,create_session,None,gemini-3-flash-preview,678,3552,3238,7468,Policy created successfully
"Design a slice for a business district to support cloud-based applications, targeting 100 Mbps downstream per device and latency around 20 ms.",type_definition,cVx2af-xKquvqtsPjcnD2AY,,None,gemini-3-flash-preview,3,265,298,566,Policy created successfully
"Deploy a slice for a convention center hosting tech demos, supporting 200 devices with 200 Mbps downstream rates and packet delay budget of 10 ms.",intent_processing,0Fx2aezDBqXUz7IP8Ofu8QQ,create_session,None,gemini-3-flash-preview,744,3839,5511,10094,Policy created successfully
"Deploy a slice for a convention center hosting tech demos, supporting 200 devices with 200 Mbps downstream rates and packet delay budget of 10 ms.",type_definition,01x2aa-pOMenqtsP1tb24Q0,,None,gemini-3-flash-preview,3,269,351,623,Policy created successfully
"Create a slice to enhance mobile broadband along a highway corridor, ensuring downstream speeds of 90 Mbps per device and latency below 30 ms.",intent_processing,O112aZa9PIzAqtsPrtrc4Q0,create_session,None,gemini-3-flash-preview,888,4121,7088,12097,Policy created successfully
"Create a slice to enhance mobile broadband along a highway corridor, ensuring downstream speeds of 90 Mbps per device and latency below 30 ms.",type_definition,Pl12acXnEpONmtkPpdGNiAg,,None,gemini-3-flash-preview,2,264,231,497,Policy created successfully
"Establish a slice for corporate offices using cloud desktops, with 120 Mbps downstream per device and packet delay budget of 15 ms.",intent_processing,_112aZGMGMiez7IPydjKsQ8,create_session,None,gemini-3-flash-preview,1008,4684,7088,12780,Policy created successfully
"Establish a slice for corporate offices using cloud desktops, with 120 Mbps downstream per device and packet delay budget of 15 ms.",type_definition,Al52adT9B_aFz7IPxOOaiAU,,None,gemini-3-flash-preview,3,263,283,549,Policy created successfully
"Set up a slice for remote training sessions using VR, requiring 500 Mbps downstream per device and latency capped at 8 ms.",intent_processing,WF52afasO_KjqtsPsuKE6A0,create_session,None,gemini-3-flash-preview,1062,4964,3848,9874,Policy created successfully
"Set up a slice for remote training sessions using VR, requiring 500 Mbps downstream per device and latency capped at 8 ms.",type_definition,XF52aYXHBfrBqtsPpcWF0AY,,None,gemini-3-flash-preview,3,262,377,642,Policy created successfully
"Create a slice for a harbor area supporting logistics staff tablets, allowing 150 devices with downstream rates of 70 Mbps.",intent_processing,rV52aYK6ILTgz7IPgNnb4A0,create_session,None,gemini-3-flash-preview,1171,5243,2868,9282,Policy created successfully
"Create a slice for a harbor area supporting logistics staff tablets, allowing 150 devices with downstream rates of 70 Mbps.",type_definition,r152acm9N8bjz7IPgdaP4Qw,,None,gemini-3-flash-preview,3,261,254,518,Policy created successfully
"Deploy a slice for tourists in a historical district, optimized for media consumption with 80 Mbps downstream per device and 25 ms latency.",intent_processing,EF92aamJC-DRz7IPjfzH8Qs,create_session,None,gemini-3-flash-preview,1306,5524,5328,12158,Policy created successfully
"Deploy a slice for tourists in a historical district, optimized for media consumption with 80 Mbps downstream per device and 25 ms latency.",type_definition,El92ae7-EqSVmtkPlZyL2AY,,None,gemini-3-flash-preview,3,263,219,485,Policy created successfully
"Provision a slice for a TV broadcast van zone, prioritizing uplink capacity of 200 Mbps per device and packet delay budget of 12 ms.",intent_processing,fF92afPyBsqaqtsP_O3G4Q0,create_session,None,gemini-3-flash-preview,1299,5807,7046,14152,Policy created successfully
"Provision a slice for a TV broadcast van zone, prioritizing uplink capacity of 200 Mbps per device and packet delay budget of 12 ms.",type_definition,fl92aa2gN6-6qtsPyrzywA0,,None,gemini-3-flash-preview,3,265,303,571,Policy created successfully
"Establish a slice for co-working spaces, supporting 250 devices with downstream speeds of 100 Mbps per device.",intent_processing,5V92aZbUGZngz7IPvcqGuQY,create_session,None,gemini-3-flash-preview,1472,6086,6844,14402,Policy created successfully
"Establish a slice for co-working spaces, supporting 250 devices with downstream speeds of 100 Mbps per device.",type_definition,6F92aYHHN8G6qtsPm5Ok6Q0,,None,gemini-3-flash-preview,3,261,297,561,Policy created successfully
"Create a slice for a retail analytics platform using video feeds, requiring 150 Mbps downstream and latency below 20 ms.",intent_processing,PGB2aeKbMuKwqtsP27mxwAo,create_session,None,gemini-3-flash-preview,1447,6365,3015,10827,Policy created successfully
"Create a slice for a retail analytics platform using video feeds, requiring 150 Mbps downstream and latency below 20 ms.",type_definition,P2B2afbbG52cqtsPid-7wQk,,None,gemini-3-flash-preview,3,261,296,560,Policy created successfully
"Deploy a slice for mobile gaming users in a city park, targeting 120 Mbps downstream per device and 10 ms latency.",intent_processing,n2B2acarO_rrz7IPyMOpwQo,create_session,None,gemini-3-flash-preview,1529,6645,5258,13432,Policy created successfully
"Deploy a slice for mobile gaming users in a city park, targeting 120 Mbps downstream per device and 10 ms latency.",type_definition,omB2aeK3EKXUz7IP8Ofu8QQ,,None,gemini-3-flash-preview,3,262,257,522,Policy created successfully
"Provision a slice for financial traders on the move, with 90 Mbps downstream per device and packet delay budget of 10 ms.",intent_processing,FGF2aYa5IJW8qtsPwoiIuQ0,create_session,None,gemini-3-flash-preview,1619,6925,8652,17196,Policy created successfully
"Provision a slice for financial traders on the move, with 90 Mbps downstream per device and packet delay budget of 10 ms.",type_definition,H2F2aYejIp2cqtsPid-7wQk,,None,gemini-3-flash-preview,3,262,1690,1955,Policy created successfully
"Create a slice to control autonomous delivery robots in an industrial zone, requiring packet delay budget of 3 ms and uplink rates of 20 Mbps per device.",intent_processing,dmF2afPUFvKjqtsPsuKE6A0,create_session,None,gemini-3-flash-preview,1769,7209,3302,12280,Policy created successfully
"Create a slice to control autonomous delivery robots in an industrial zone, requiring packet delay budget of 3 ms and uplink rates of 20 Mbps per device.",type_definition,eGF2ac2TM5CDz7IPtLLw8QQ,,None,gemini-3-flash-preview,4,266,214,484,Policy created successfully
"Provision a slice for drone traffic management, supporting 60 devices with latency capped at 5 ms and downstream rates of 30 Mbps.",intent_processing,zmF2ady3LPudqtsP1Y_K4QY,create_session,None,gemini-3-flash-preview,1921,7490,2853,12264,Policy created successfully
"Provision a slice for drone traffic management, supporting 60 devices with latency capped at 5 ms and downstream rates of 30 Mbps.",type_definition,0WF2abLoH9Kcz7IP8-7NyAc,,None,gemini-3-flash-preview,4,263,210,477,Policy created successfully
"Establish a slice for automated guided vehicles in a factory, prioritizing ultra-low latency of 2 ms and uplink throughput of 25 Mbps.",intent_processing,PWJ2ac7RFueVmtkP-7Xb-Qs,create_session,None,gemini-3-flash-preview,1851,7771,7680,17302,Policy created successfully
"Establish a slice for automated guided vehicles in a factory, prioritizing ultra-low latency of 2 ms and uplink throughput of 25 Mbps.",type_definition,P2J2aeXlLJTRz7IP4sLE-Aw,,None,gemini-3-flash-preview,4,263,218,485,Policy created successfully
"Deploy a slice for remote crane operation at a port, requiring 1 ms packet delay budget and 50 Mbps downstream per device.",intent_processing,mWJ2abCUBNemmtkPjeiU4AI,create_session,None,gemini-3-flash-preview,1948,8050,3359,13357,Policy created successfully
"Deploy a slice for remote crane operation at a port, requiring 1 ms packet delay budget and 50 Mbps downstream per device.",type_definition,m2J2ady4HdaAqtsPgsDRyAo,,None,gemini-3-flash-preview,4,261,297,562,Policy created successfully
"Create a slice for railway signaling systems, supporting 120 devices with latency not exceeding 4 ms.",intent_processing,DGN2ac2vIJqkmtkPkcGl6Q0,create_session,None,gemini-3-flash-preview,2021,8324,6423,16768,Policy created successfully
"Create a slice for railway signaling systems, supporting 120 devices with latency not exceeding 4 ms.",type_definition,DmN2aZSmO7bmqtsPndjqqAo,,None,gemini-3-flash-preview,4,256,258,518,Policy created successfully
"Establish a slice for robotic assembly lines, requiring downstream rates of 60 Mbps per device and packet delay budget of 3 ms.",intent_processing,C2R2aZjXE9asz7IPmKbv6Qo,create_session,None,gemini-3-flash-preview,2354,8879,9021,20254,Policy created successfully
"Establish a slice for robotic assembly lines, requiring downstream rates of 60 Mbps per device and packet delay budget of 3 ms.",type_definition,DWR2aZicJuDRz7IPjfzH8Qs,,None,gemini-3-flash-preview,4,261,194,459,Policy created successfully
"Deploy a slice for power grid protection relays, supporting 300 devices with latency capped at 4 ms.",intent_processing,e2R2ad2WMOK3qtsP_NGJuQ4,create_session,None,gemini-3-flash-preview,2435,9154,6873,18462,Policy created successfully
"Deploy a slice for power grid protection relays, supporting 300 devices with latency capped at 4 ms.",type_definition,fmR2acrgCda7qtsPyJbUiA0,,None,gemini-3-flash-preview,4,257,257,518,Policy created successfully
"Establish a slice for remote medical equipment monitoring, prioritizing latency of 5 ms and downstream rates of 25 Mbps.",intent_processing,tGV2aemrJYGez7IPtcfA2As,create_session,None,gemini-3-flash-preview,2505,9991,4599,17095,Policy created successfully
"Establish a slice for remote medical equipment monitoring, prioritizing latency of 5 ms and downstream rates of 25 Mbps.",type_definition,t2V2aeHZCZTlz7IP3rm9mQ0,,None,gemini-3-flash-preview,4,258,292,554,Policy created successfully
"Deploy a slice for collaborative industrial robots, supporting 50 devices with latency capped at 2 ms.",intent_processing,MmZ2ab36EYbhz7IPybX6-AU,create_session,None,gemini-3-flash-preview,2685,10264,8956,21905,Policy created successfully
"Deploy a slice for collaborative industrial robots, supporting 50 devices with latency capped at 2 ms.",type_definition,NWZ2aZCSA9Tjz7IPjajDuA8,,None,gemini-3-flash-preview,4,255,225,484,Policy created successfully
"Provision a slice for automated warehouse sorting systems, allowing 150 devices with latency under 5 ms.",intent_processing,G2d2aY2YN5X6qtsP6q75qAs,create_session,None,gemini-3-flash-preview,2949,10816,5560,19325,Policy created successfully
"Provision a slice for automated warehouse sorting systems, allowing 150 devices with latency under 5 ms.",type_definition,Hmd2aaTHF4m5qtsPtMDZ2AY,,None,gemini-3-flash-preview,4,256,261,521,Policy created successfully
"Establish a slice for tunnel safety systems, supporting 400 devices with latency capped at 6 ms.",intent_processing,gGd2aZKtGaugz7IPqYrG6AQ,create_session,None,gemini-3-flash-preview,2926,11090,4178,18194,Policy created successfully
"Establish a slice for tunnel safety systems, supporting 400 devices with latency capped at 6 ms.",type_definition,j2d2afLGB9XQz7IP4uyo6A8,,None,gemini-3-flash-preview,4,256,262,522,Policy created successfully
"Provision a slice for industrial motion control networks, requiring latency not exceeding 2 ms and uplink rates of 15 Mbps.",intent_processing,62h2aaiEMuShz7IPobf44As,create_session,None,gemini-3-flash-preview,3183,11921,6836,21940,Policy created successfully
"Provision a slice for industrial motion control networks, requiring latency not exceeding 2 ms and uplink rates of 15 Mbps.",type_definition,7mh2aZmEEdSHz7IPrdCt6Q0,,None,gemini-3-flash-preview,4,259,252,515,Policy created successfully
"Establish a slice for airport ground vehicle coordination, supporting 200 devices with latency capped at 5 ms.",intent_processing,VWl2aaLZEsrnz7IP1MLT-A0,create_session,None,gemini-3-flash-preview,3367,12196,4642,20205,Policy created successfully
"Establish a slice for airport ground vehicle coordination, supporting 200 devices with latency capped at 5 ms.",type_definition,V2l2adH2JJW8qtsPwoiIuQ0,,None,gemini-3-flash-preview,4,257,209,470,Policy created successfully
"Deploy a slice for remote surgery assistance systems, requiring downstream rates of 1 Gbps per device and packet delay budget of 1 ms.",intent_processing,r2l2aYaQK4e0qtsPmJDM6QY,create_session,None,gemini-3-flash-preview,3455,12476,1810,17741,Policy created successfully
"Deploy a slice for remote surgery assistance systems, requiring downstream rates of 1 Gbps per device and packet delay budget of 1 ms.",type_definition,tWl2aebuA47lz7IP1YbO-Q8,,None,gemini-3-flash-preview,4,262,284,550,Policy created successfully
"Provision a slice for smart parking sensors, allowing 2500 devices with packet delay budget of 100 ms.",intent_processing,lWp2afP1Htasz7IPmKbv6Qo,create_session,None,gemini-3-flash-preview,3615,13039,5599,22253,Policy created successfully
"Provision a slice for smart parking sensors, allowing 2500 devices with packet delay budget of 100 ms.",type_definition,l2p2aZe1L8iez7IPydjKsQ8,,None,gemini-3-flash-preview,2,260,281,543,Policy created successfully
"Establish a slice for utility metering infrastructure, supporting 4000 devices with uplink rates of 500 kbps per device.",intent_processing,CGt2afrbM9XQz7IP4uyo6A8,create_session,None,gemini-3-flash-preview,3463,13319,6718,23500,
"Deploy a slice for waste management sensors, allowing 1800 devices with latency tolerance of 150 ms.",intent_processing,kmt2ad7oOfaFz7IPxOOaiAU,create_session,None,gemini-3-flash-preview,3549,13596,6696,23841,Policy created successfully
"Deploy a slice for waste management sensors, allowing 1800 devices with latency tolerance of 150 ms.",type_definition,lWt2aeWbDNTjz7IPjajDuA8,,None,gemini-3-flash-preview,2,259,245,506,Policy created successfully
"Establish a slice for street lighting control nodes, supporting 3500 devices with uplink rates of 300 kbps.",intent_processing,_Gx2aYzxOdrpz7IPnqfusQQ,create_session,None,gemini-3-flash-preview,4018,14434,10795,29247,Policy created successfully
"Establish a slice for street lighting control nodes, supporting 3500 devices with uplink rates of 300 kbps.",type_definition,B212aer_NMbjz7IPgdaP4Qw,,None,gemini-3-flash-preview,2,261,160,423,Policy created successfully
"Deploy a slice for weather stations in rural areas, allowing 900 devices with latency tolerance of 250 ms.",intent_processing,a212aeGKIbKyqtsP7Ie-2QY,create_session,None,gemini-3-flash-preview,3916,14712,3402,22030,Policy created successfully
"Deploy a slice for weather stations in rural areas, allowing 900 devices with latency tolerance of 250 ms.",type_definition,bm12abOnAZqAqtsPhICE-Qk,,None,gemini-3-flash-preview,2,260,264,526,Policy created successfully
"Create a slice for industrial condition monitoring sensors, supporting 1600 devices with uplink rates of 1 Mbps.",intent_processing,1m12aY_xI9zVz7IPxZDS2Qs,create_session,None,gemini-3-flash-preview,4177,14988,4413,23578,Policy created successfully
"Create a slice for industrial condition monitoring sensors, supporting 1600 devices with uplink rates of 1 Mbps.",type_definition,2W12adCWEM3oz7IP9YySyAk,,None,gemini-3-flash-preview,2,258,203,463,Policy created successfully
"Provision a slice for smart water distribution sensors, allowing 2800 devices with packet delay budget of 120 ms.",intent_processing,Km52abOiB-Shz7IPobf44As,create_session,None,gemini-3-flash-preview,888,15267,2661,18816,Policy created successfully
"Provision a slice for smart water distribution sensors, allowing 2800 devices with packet delay budget of 120 ms.",type_definition,LW52aYCpC5qkmtkPkcGl6Q0,,None,gemini-3-flash-preview,2,261,204,467,Policy created successfully
"Deploy a slice for pipeline pressure sensors, allowing 2000 devices with latency tolerance of 180 ms.",intent_processing,4G52aZf5F_bXz7IPmr-C8QQ,create_session,None,gemini-3-flash-preview,843,15823,2499,19165,
"Provision a slice for building management sensors in commercial zones, allowing 3200 devices with packet delay budget of 100 ms.",intent_processing,7m92afW2C9_rz7IPoOCKgAk,create_session,None,gemini-3-flash-preview,4590,16383,5929,26902,Policy created successfully
"Provision a slice for building management sensors in commercial zones, allowing 3200 devices with packet delay budget of 100 ms.",type_definition,8G92afuwIbfVz7IPj8vc8QQ,,None,gemini-3-flash-preview,2,263,267,532,Policy created successfully
"Establish a slice for public transportation telemetry sensors, supporting 1700 devices with uplink rates of 900 kbps.",intent_processing,UHB2aa6FIYGez7IPtcfA2As,create_session,None,gemini-3-flash-preview,1735,16662,4874,23271,Policy created successfully
"Establish a slice for public transportation telemetry sensors, supporting 1700 devices with uplink rates of 900 kbps.",type_definition,U3B2aaL-GdzVz7IPxZDS2Qs,,None,gemini-3-flash-preview,2,261,249,512,Policy created successfully
"Deploy a slice for smart irrigation controllers, allowing 2600 devices with latency tolerance of 200 ms.",intent_processing,vXB2adewNuTQz7IPqNqwmQU,create_session,None,gemini-3-flash-preview,4610,16939,4575,26124,Policy created successfully
"Deploy a slice for smart irrigation controllers, allowing 2600 devices with latency tolerance of 200 ms.",type_definition,v3B2aaSPKtThz7IPm_euoQE,,None,gemini-3-flash-preview,2,259,145,406,Policy created successfully
"Create a slice for cold-chain temperature sensors, supporting 1500 devices with uplink rates of 500 kbps.",intent_processing,LXF2adbaJaShz7IP4Kaq0As,create_session,None,gemini-3-flash-preview,4464,17219,5269,26952,Policy created successfully
"Create a slice for cold-chain temperature sensors, supporting 1500 devices with uplink rates of 500 kbps.",type_definition,L3F2aeL6FIGez7IPtcfA2As,,None,gemini-3-flash-preview,2,262,148,412,Policy created successfully
"Provision a slice for structural health monitoring sensors on bridges, allowing 800 devices with packet delay budget of 150 ms.",intent_processing,h3F2adThJ-rUz7IPmOjG4AQ,create_session,None,gemini-3-flash-preview,92,17499,4793,22384,Policy created successfully
"Provision a slice for structural health monitoring sensors on bridges, allowing 800 devices with packet delay budget of 150 ms.",type_definition,inF2afmHBJngz7IPvcqGuQY,,None,gemini-3-flash-preview,2,262,271,535,Policy created successfully
"Establish a slice for city-wide asset tracking tags, supporting 4200 devices with uplink rates of 400 kbps.",intent_processing,A3J2abWYNayVmtkP8tmpkA4,create_session,None,gemini-3-flash-preview,4984,17780,6863,29627,Policy created successfully
"Establish a slice for city-wide asset tracking tags, supporting 4200 devices with uplink rates of 400 kbps.",type_definition,BXJ2afCKMKetqtsP3-fk-A0,,None,gemini-3-flash-preview,2,263,180,445,Policy created successfully
"Deploy a slice for smart recycling bin sensors, allowing 2300 devices with latency tolerance of 180 ms.",intent_processing,bHJ2aaKmCuLRz7IP5Ke_iAM,create_session,None,gemini-3-flash-preview,1744,18058,6192,25994,Policy created successfully
"Deploy a slice for smart recycling bin sensors, allowing 2300 devices with latency tolerance of 180 ms.",type_definition,bnJ2aYWQEI7oz7IPgaKj6A4,,None,gemini-3-flash-preview,2,260,194,456,Policy created successfully
"Create a slice for a mobile esports tournament, requiring downstream rates of 250 Mbps per device and packet delay budget of 12 ms.",intent_processing,5XJ2aaSBGoGez7IPtcfA2As,create_session,None,gemini-3-flash-preview,4174,18340,5569,28083,
"Provision a slice for film editors working remotely on-site, allowing 60 devices with 400 Mbps downstream per device.",intent_processing,N3N2abfTHcrnz7IP-qzbiAs,create_session,None,gemini-3-flash-preview,431,18619,2732,21782,
"Establish a slice for city surveillance analysts reviewing HD feeds, requiring 200 Mbps downstream and latency under 20 ms.",intent_processing,nnN2adC1LoGeqtsP2eiDmA4,create_session,None,gemini-3-flash-preview,486,18897,5146,24529,Policy created successfully
"Establish a slice for city surveillance analysts reviewing HD feeds, requiring 200 Mbps downstream and latency under 20 ms.",type_definition,qHN2aejtGJHjqtsP_eLsyAo,,None,gemini-3-flash-preview,3,260,345,608,Policy created successfully
"Establish a slice for robotic firefighting units, requiring uplink rates of 35 Mbps and packet delay budget of 3 ms.",intent_processing,knV2af7NG5uIqtsP6IykuQ0,create_session,None,gemini-3-flash-preview,266,19998,4422,24686,Policy created successfully
"Establish a slice for robotic firefighting units, requiring uplink rates of 35 Mbps and packet delay budget of 3 ms.",type_definition,qXV2acboNeK3qtsP_NGJuQ4,,None,gemini-3-flash-preview,4,259,285,548,Policy created successfully
"Create a slice for remote heavy machinery diagnostics, requiring downstream rates of 70 Mbps and latency of 6 ms.",intent_processing,jnZ2aeaYKaWgz7IP9cOawA8,create_session,None,gemini-3-flash-preview,5408,20549,2782,28739,Policy created successfully
"Create a slice for remote heavy machinery diagnostics, requiring downstream rates of 70 Mbps and latency of 6 ms.",type_definition,knZ2acOAFOrUz7IPmOjG4AQ,,None,gemini-3-flash-preview,4,258,443,705,Policy created successfully
"Provision a slice for automated port gate operations, supporting 250 devices with packet delay budget of 4 ms.",intent_processing,FHd2aZTeJMrnz7IP9JrS6As,create_session,None,gemini-3-flash-preview,5456,20825,6473,32754,Policy created successfully
"Provision a slice for automated port gate operations, supporting 250 devices with packet delay budget of 4 ms.",type_definition,KXd2abot1uLPsg_SzrPZDw,,None,gemini-3-flash-preview,4,258,246,508,Policy created successfully
"Establish a slice for city bike availability sensors, allowing 3100 devices with uplink rates of 300 kbps.",intent_processing,o3d2aYOpL7KyqtsP7Ie-2QY,create_session,None,gemini-3-flash-preview,825,21104,8890,30819,Policy created successfully
"Establish a slice for city bike availability sensors, allowing 3100 devices with uplink rates of 300 kbps.",type_definition,pXd2aZOHKJqqqtsPme272AY,,None,gemini-3-flash-preview,2,261,166,429,Policy created successfully
"Create a slice for energy consumption sensors in industrial parks, allowing 2700 devices with uplink rates of 800 kbps.",intent_processing,m3h2aZjiNavxqtsP4Njs4A0,create_session,None,gemini-3-flash-preview,6139,21663,5338,33140,Policy created successfully
"Create a slice for energy consumption sensors in industrial parks, allowing 2700 devices with uplink rates of 800 kbps.",type_definition,nXh2adeXL4zAqtsPrtrc4Q0,,None,gemini-3-flash-preview,2,263,171,436,Policy created successfully
"Provision a slice for public restroom occupancy sensors, supporting 2100 devices with packet delay budget of 150 ms.",intent_processing,AXl2acXWLLDhz7IP-bOimA0,create_session,None,gemini-3-flash-preview,1681,21942,4644,28267,Policy created successfully
"Provision a slice for public restroom occupancy sensors, supporting 2100 devices with packet delay budget of 150 ms.",type_definition,A3l2ac34HNasz7IPmKbv6Qo,,None,gemini-3-flash-preview,2,261,162,425,Policy created successfully
"Establish a slice for smart bus stop information panels, allowing 1200 devices with uplink rates of 600 kbps.",intent_processing,W3l2abL4IPKHqtsPnNj2-A0,create_session,None,gemini-3-flash-preview,852,22222,3393,26467,Policy created successfully
"Establish a slice for smart bus stop information panels, allowing 1200 devices with uplink rates of 600 kbps.",type_definition,XXl2aa2cKOe5qtsP8cXjoAk,,None,gemini-3-flash-preview,2,262,215,479,Policy created successfully
"Create a slice for immersive museum AR guides, requiring 180 Mbps downstream per device and latency of 15 ms.",intent_processing,13l2acGRDcG6qtsPm5Ok6Q0,create_session,None,gemini-3-flash-preview,6393,22500,4256,33149,Policy created successfully
"Create a slice for immersive museum AR guides, requiring 180 Mbps downstream per device and latency of 15 ms.",type_definition,3nl2acacMtO0qtsPvfnj8QY,,None,gemini-3-flash-preview,3,260,287,550,Policy created successfully
"Provision a slice for urban telepresence kiosks, allowing 90 devices with downstream rates of 300 Mbps.",intent_processing,LHp2aYftKI-O6dkP7sWkmQk,create_session,None,gemini-3-flash-preview,422,22776,2022,25220,Policy created successfully
"Provision a slice for urban telepresence kiosks, allowing 90 devices with downstream rates of 300 Mbps.",type_definition,L3p2acG-GKShz7IP4Kaq0As,,None,gemini-3-flash-preview,3,258,194,455,Policy created successfully
"Deploy a slice for live election coverage teams, requiring 250 Mbps uplink per device and packet delay budget of 18 ms.",intent_processing,LHt2acenPMiez7IP9-rN4Qw,create_session,None,gemini-3-flash-preview,6444,23338,3757,33539,Policy created successfully
"Deploy a slice for live election coverage teams, requiring 250 Mbps uplink per device and packet delay budget of 18 ms.",type_definition,MHt2abWyKsenqtsP1tb24Q0,,None,gemini-3-flash-preview,2,262,383,647,Policy created successfully
"Create a slice for city-wide WiMAX replacement broadband, supporting 700 devices with downstream rates of 85 Mbps.",intent_processing,wXt2acvbHKuvqtsPjcnD2AY,create_session,None,gemini-3-flash-preview,6706,23617,7567,37890,Policy created successfully
"Create a slice for city-wide WiMAX replacement broadband, supporting 700 devices with downstream rates of 85 Mbps.",type_definition,w3t2ae6QOr7kqtsPnoKbgA4,,None,gemini-3-flash-preview,2,261,233,496,Policy created successfully
"Provision a slice for synchronized traffic camera control, allowing 350 devices with latency under 6 ms.",intent_processing,Snx2aYmED-K3qtsP_NGJuQ4,create_session,None,gemini-3-flash-preview,6648,23891,6268,36807,
"Establish a slice for industrial alarm systems, supporting 900 devices with packet delay budget of 5 ms.",intent_processing,pHx2ac_cLpHjqtsP_eLsyAo,create_session,None,gemini-3-flash-preview,92,24166,3725,27983,Policy created successfully
"Establish a slice for industrial alarm systems, supporting 900 devices with packet delay budget of 5 ms.",type_definition,sXx2afSKMKvxqtsP4Njs4A0,,None,gemini-3-flash-preview,4,257,310,571,Policy created successfully
"Provision a slice for coordinated drone light shows, supporting 500 devices with packet delay budget of 5 ms.",intent_processing,JH52aaC-HN6nmtkPzaHH2Q0,create_session,None,gemini-3-flash-preview,1744,24994,6307,33045,Policy created successfully
"Provision a slice for coordinated drone light shows, supporting 500 devices with packet delay budget of 5 ms.",type_definition,Nn52adKGNaetqtsP3-fk-A0,,None,gemini-3-flash-preview,4,258,317,579,Policy created successfully
"Establish a slice for environmental radiation sensors, allowing 1000 devices with uplink rates of 700 kbps.",intent_processing,jn52af_6JNSHz7IPrdCt6Q0,create_session,None,gemini-3-flash-preview,888,25272,3339,29499,Policy created successfully
"Establish a slice for environmental radiation sensors, allowing 1000 devices with uplink rates of 700 kbps.",type_definition,kX52aYy5CdKcz7IP8-7NyAc,,None,gemini-3-flash-preview,2,260,286,548,Policy created successfully
"Deploy a slice for smart locker systems, supporting 1800 devices with latency tolerance of 150 ms.",intent_processing,8n52aZC6AfezqtsPtfiCwQk,create_session,None,gemini-3-flash-preview,888,25549,4988,31425,Policy created successfully
"Deploy a slice for smart locker systems, supporting 1800 devices with latency tolerance of 150 ms.",type_definition,9H52aeWRHvmKqtsP_Zv1uA0,,None,gemini-3-flash-preview,2,259,253,514,Policy created successfully
"Create a slice for city fountain control sensors, allowing 900 devices with uplink rates of 400 kbps.",intent_processing,i392abyaMfbXz7IPmr-C8QQ,create_session,None,gemini-3-flash-preview,6826,25827,9185,41838,
"Provision a slice for coastal erosion monitoring sensors, supporting 1300 devices with packet delay budget of 200 ms.",intent_processing,FoB2abOZBdXQz7IP4uyo6A8,create_session,None,gemini-3-flash-preview,7443,26106,3381,36930,
"Establish a slice for smart traffic sign telemetry, allowing 2400 devices with uplink rates of 500 kbps.",intent_processing,m4B2afCaOcmcqtsPwJLE0QU,create_session,None,gemini-3-flash-preview,852,26385,3927,31164,Policy created successfully
"Establish a slice for smart traffic sign telemetry, allowing 2400 devices with uplink rates of 500 kbps.",type_definition,noB2adjUJ9a7qtsPyJbUiA0,,None,gemini-3-flash-preview,2,261,317,580,Policy created successfully
"Create a slice for urban drone video inspections, requiring downstream rates of 220 Mbps and latency under 15 ms.",intent_processing,HYF2aZvSOoanmtkP3uzA8Q0,create_session,None,gemini-3-flash-preview,7372,26663,4410,38445,Policy created successfully
"Create a slice for urban drone video inspections, requiring downstream rates of 220 Mbps and latency under 15 ms.",type_definition,JYF2ac6hK5uIqtsP6IykuQ0,,None,gemini-3-flash-preview,3,260,1239,1502,Policy created successfully
"Provision a slice for live online education broadcasting, supporting 300 devices with downstream rates of 140 Mbps.",intent_processing,iYF2acTDEIe0qtsPmJDM6QY,create_session,None,gemini-3-flash-preview,888,26940,5234,33062,
"Establish a slice for pop-up business expos, allowing 500 devices with packet delay budget of 25 ms.",intent_processing,64F2aY_KBbDmz7IPlqTcuAE,create_session,None,gemini-3-flash-preview,1544,27218,3573,32335,Policy created successfully
"Establish a slice for pop-up business expos, allowing 500 devices with packet delay budget of 25 ms.",type_definition,7oF2ad75Ir6iqtsPnpby4QY,,None,gemini-3-flash-preview,3,260,373,636,Policy created successfully
"Create a slice for synchronized robotic welding, requiring uplink rates of 30 Mbps and packet delay budget of 2 ms.",intent_processing,1YJ2af2_LtXQz7IP4uyo6A8,create_session,None,gemini-3-flash-preview,2517,27770,3816,34103,Policy created successfully
"Create a slice for synchronized robotic welding, requiring uplink rates of 30 Mbps and packet delay budget of 2 ms.",type_definition,2IJ2acjsEsDVz7IPle7n6QQ,,None,gemini-3-flash-preview,4,259,291,554,Policy created successfully
"Provision a slice for smart greenhouse climate sensors, allowing 1600 devices with latency tolerance of 180 ms.",intent_processing,PIN2acb3KKugz7IPqYrG6AQ,create_session,None,gemini-3-flash-preview,1681,28048,4742,34471,
"Establish a slice for public safety siren monitoring, supporting 1100 devices with uplink rates of 600 kbps.",intent_processing,pIN2abP9EI7oz7IPgaKj6A4,create_session,None,gemini-3-flash-preview,1744,28327,3161,33232,
"Provision a slice for smart city soil moisture probes, supporting 2000 devices with uplink rates of 500 kbps.",intent_processing,9oR2acTpIpTRz7IP4sLE-Aw,create_session,None,gemini-3-flash-preview,431,29162,3990,33583,
