intent,response_kind,response_id,function_call_name,model,created_at,completed_at,reasoning_effort,reasoning_generate_summary,reasoning_summary,usage_input_tokens,usage_input_tokens_cached,usage_output_tokens,usage_output_tokens_reasoning,usage_total_tokens,policy_status
"Create a slice for a harbor area supporting logistics staff tablets, allowing 150 devices with downstream rates of 70 Mbps.",intent_processing,resp_05acdaa3867988e200697068a4e14481938c0c58f36121a020,create_session,gpt-5-2025-08-07,2026-01-21 05:48:20,2026-01-21 05:48:31,medium,,,7934,3840,526,448,8460,Policy created successfully
"Create a slice for a harbor area supporting logistics staff tablets, allowing 150 devices with downstream rates of 70 Mbps.",type_definition,resp_0d12fa960388e7fe00697068aff8148193b6fe216994a03801,,gpt-5-2025-08-07,2026-01-21 05:48:32,2026-01-21 05:48:38,medium,,,259,0,265,256,524,Policy created successfully
"Create a slice for a mobile esports tournament, requiring downstream rates of 250 Mbps per device and packet delay budget of 12 ms.",intent_processing,resp_0b8539556b89149d0069706c4e8a1c819380b3d371ec53c007,create_session,gpt-5-2025-08-07,2026-01-21 06:03:58,2026-01-21 06:04:08,medium,,,32552,14848,539,448,33091,Policy created successfully
"Create a slice for a mobile esports tournament, requiring downstream rates of 250 Mbps per device and packet delay budget of 12 ms.",type_definition,resp_0aff91df2c19490a0069706c5935d08196910d35e11f098448,,gpt-5-2025-08-07,2026-01-21 06:04:09,2026-01-21 06:04:12,medium,,,262,0,137,128,399,Policy created successfully
"Create a slice for a retail analytics platform using video feeds, requiring 150 Mbps downstream and latency below 20 ms.",intent_processing,resp_08561c0ecf355a2c00697069024dfc81939e5b8902c18d32d3,create_session,gpt-5-2025-08-07,2026-01-21 05:49:54,2026-01-21 05:50:06,medium,,,10015,4608,731,640,10746,Policy created successfully
"Create a slice for a retail analytics platform using video feeds, requiring 150 Mbps downstream and latency below 20 ms.",type_definition,resp_04b9db7701603f82006970690f5fc4819592c19d72aef4e777,,gpt-5-2025-08-07,2026-01-21 05:50:07,2026-01-21 05:50:11,medium,,,259,0,137,128,396,Policy created successfully
"Create a slice for a sports arena during live matches, prioritizing user experience with 150 Mbps downstream per device and packet delay budget of 15 ms.",intent_processing,resp_0cfe1a0a3777b3a0006970680200ec81958f705b250a8e9811,create_session,gpt-5-2025-08-07,2026-01-21 05:45:38,2026-01-21 05:45:48,medium,,,3680,1792,667,576,4347,Policy created successfully
"Create a slice for a sports arena during live matches, prioritizing user experience with 150 Mbps downstream per device and packet delay budget of 15 ms.",type_definition,resp_0c80d782b4c491ad006970680c89f4819394d4841c270ba724,,gpt-5-2025-08-07,2026-01-21 05:45:48,2026-01-21 05:45:53,medium,,,266,0,201,192,467,Policy created successfully
"Create a slice for automated toll gate controls, allowing 450 devices with latency capped at 6 ms.",intent_processing,resp_0541510492e9e6d10069706e0f6c0c81908ac2278d1862cce3,create_session,gpt-5-2025-08-07,2026-01-21 06:11:27,2026-01-21 06:11:35,medium,,,44493,21248,468,384,44961,Policy created successfully
"Create a slice for automated toll gate controls, allowing 450 devices with latency capped at 6 ms.",type_definition,resp_06469267718333130069706e1852508196954c2704e1c3ac42,,gpt-5-2025-08-07,2026-01-21 06:11:36,2026-01-21 06:11:39,medium,,,256,0,137,128,393,Policy created successfully
"Create a slice for autonomous bus control systems, allowing 80 devices with latency below 5 ms and uplink rates of 30 Mbps.",intent_processing,resp_042df1b35e03433f00697069f3f650819480802119c16b16ee,create_session,gpt-5-2025-08-07,2026-01-21 05:53:56,2026-01-21 05:54:14,medium,,,15903,7552,923,832,16826,Policy created successfully
"Create a slice for autonomous bus control systems, allowing 80 devices with latency below 5 ms and uplink rates of 30 Mbps.",type_definition,resp_0ab508d0bd79b8f30069706a069c98819585f8ea0abef63f1e,,gpt-5-2025-08-07,2026-01-21 05:54:14,2026-01-21 05:54:16,medium,,,263,0,73,64,336,Policy created successfully
"Create a slice for autonomous ferry navigation systems, allowing 90 devices with packet delay budget of 3 ms.",intent_processing,resp_0373c1d25a7143cb0069706f4408b48196b028dafb3cfa6ac3,create_session,gpt-5-2025-08-07,2026-01-21 06:16:36,2026-01-21 06:16:45,medium,,,52264,24960,468,384,52732,Policy created successfully
"Create a slice for autonomous ferry navigation systems, allowing 90 devices with packet delay budget of 3 ms.",type_definition,resp_08b3ff9698f596ba0069706f4dea288197a5a13ef1b435c286,,gpt-5-2025-08-07,2026-01-21 06:16:45,2026-01-21 06:16:48,medium,,,257,0,201,192,458,Policy created successfully
"Create a slice for autonomous mining vehicles, allowing 70 devices with packet delay budget of 4 ms.",intent_processing,resp_03e0cf11040810970069706a980c2c8190a9b448b952f41c9c,create_session,gpt-5-2025-08-07,2026-01-21 05:56:40,2026-01-21 05:56:48,medium,,,20141,9600,532,448,20673,Policy created successfully
"Create a slice for autonomous mining vehicles, allowing 70 devices with packet delay budget of 4 ms.",type_definition,resp_011beef7e8b84dab0069706aa10d408195903de1f8e0ef963d,,gpt-5-2025-08-07,2026-01-21 05:56:49,2026-01-21 05:56:51,medium,,,256,0,137,128,393,Policy created successfully
"Create a slice for city fountain control sensors, allowing 900 devices with uplink rates of 400 kbps.",intent_processing,resp_0305c44dfd429f3d0069706e55ed008195938ee9f70d83b986,create_session,gpt-5-2025-08-07,2026-01-21 06:12:38,2026-01-21 06:12:48,medium,,,46553,22272,527,448,47080,Policy created successfully
"Create a slice for city fountain control sensors, allowing 900 devices with uplink rates of 400 kbps.",type_definition,resp_0a8ccadb837fad870069706e613f9481908498d61db6d13800,,gpt-5-2025-08-07,2026-01-21 06:12:49,2026-01-21 06:12:53,medium,,,258,0,265,256,523,Policy created successfully
"Create a slice for city-wide WiMAX replacement broadband, supporting 700 devices with downstream rates of 85 Mbps.",intent_processing,resp_0eed554f86150afe0069706dba3234819683d517a335621aeb,create_session,gpt-5-2025-08-07,2026-01-21 06:10:02,2026-01-21 06:10:12,medium,,,42415,20224,398,320,42813,Policy created successfully
"Create a slice for city-wide WiMAX replacement broadband, supporting 700 devices with downstream rates of 85 Mbps.",type_definition,resp_071fdcbb3fcb02200069706dc4e51c81968b92dc5370ac4d26,,gpt-5-2025-08-07,2026-01-21 06:10:12,2026-01-21 06:10:16,medium,,,258,0,137,128,395,Policy created successfully
"Create a slice for cold-chain temperature sensors, supporting 1500 devices with uplink rates of 500 kbps.",intent_processing,resp_05700dd7fc379a920069706c084c40819080060998a26b3eca,create_session,gpt-5-2025-08-07,2026-01-21 06:02:48,2026-01-21 06:02:56,medium,,,30493,14592,336,256,30829,Policy created successfully
"Create a slice for cold-chain temperature sensors, supporting 1500 devices with uplink rates of 500 kbps.",type_definition,resp_01d41e56fe6281730069706c10c8cc819693997ae443bbe77d,,gpt-5-2025-08-07,2026-01-21 06:02:56,2026-01-21 06:03:00,medium,,,259,0,201,192,460,Policy created successfully
"Create a slice for energy consumption sensors in industrial parks, allowing 2700 devices with uplink rates of 800 kbps.",intent_processing,resp_08227c3ed583db840069706d19ecfc8195b5876d9e67782c18,create_session,gpt-5-2025-08-07,2026-01-21 06:07:22,2026-01-21 06:07:30,medium,,,38791,18048,336,256,39127,Policy created successfully
"Create a slice for energy consumption sensors in industrial parks, allowing 2700 devices with uplink rates of 800 kbps.",type_definition,resp_03298f4a266053c00069706d2378d4819792fe8e091b32c8bc,,gpt-5-2025-08-07,2026-01-21 06:07:31,2026-01-21 06:07:43,medium,,,261,0,393,384,654,Policy created successfully
"Create a slice for environmental sensors monitoring air quality across a city district, supporting up to 3000 devices with uplink rates of 1 Mbps per device.",intent_processing,resp_0b1eb3cfe0f82ce00069706ae33ccc8194bb0d1a90f5d00021,create_session,gpt-5-2025-08-07,2026-01-21 05:57:55,2026-01-21 05:58:03,medium,,,22261,10624,399,320,22660,Policy created successfully
"Create a slice for environmental sensors monitoring air quality across a city district, supporting up to 3000 devices with uplink rates of 1 Mbps per device.",type_definition,resp_00b7f669fe457bca0069706aeb8c8c8194a667de2b7de88986,,gpt-5-2025-08-07,2026-01-21 05:58:03,2026-01-21 05:58:09,medium,,,267,0,201,192,468,Policy created successfully
"Create a slice for flood monitoring sensors along a river, supporting 1200 devices with uplink rates of 800 kbps.",intent_processing,resp_0a6a9c6d79826b3b0069706b2a7f548193bdff22f9c90541b5,create_session,gpt-5-2025-08-07,2026-01-21 05:59:06,2026-01-21 05:59:11,medium,,,24311,11520,272,192,24583,Policy created successfully
"Create a slice for flood monitoring sensors along a river, supporting 1200 devices with uplink rates of 800 kbps.",type_definition,resp_03bb5e4a5ce9fe830069706b3023cc8193bab0a8644c248068,,gpt-5-2025-08-07,2026-01-21 05:59:12,2026-01-21 05:59:25,medium,,,261,0,841,832,1102,Policy created successfully
"Create a slice for immersive museum AR guides, requiring 180 Mbps downstream per device and latency of 15 ms.",intent_processing,resp_09ca8df9125c9d7b0069706d6432548195be2c6c4c2a00ff82,create_session,gpt-5-2025-08-07,2026-01-21 06:08:36,2026-01-21 06:08:48,medium,,,40331,18560,667,576,40998,Policy created successfully
"Create a slice for immersive museum AR guides, requiring 180 Mbps downstream per device and latency of 15 ms.",type_definition,resp_0255a11dcad6145d0069706d70e4bc81978298f31605b8269a,,gpt-5-2025-08-07,2026-01-21 06:08:48,2026-01-21 06:08:52,medium,,,258,0,201,192,459,Policy created successfully
"Create a slice for industrial condition monitoring sensors, supporting 1600 devices with uplink rates of 1 Mbps.",intent_processing,resp_0086f99bb941ba4e0069706b79b49c81938823315378a4095d,create_session,gpt-5-2025-08-07,2026-01-21 06:00:25,2026-01-21 06:00:33,medium,,,26382,12544,527,448,26909,Policy created successfully
"Create a slice for industrial condition monitoring sensors, supporting 1600 devices with uplink rates of 1 Mbps.",type_definition,resp_09dc881b3cf13be20069706b82498081979984a2afcc771e09,,gpt-5-2025-08-07,2026-01-21 06:00:34,2026-01-21 06:00:37,medium,,,258,0,201,192,459,Policy created successfully
"Create a slice for maritime passenger terminals, prioritizing user experience with 90 Mbps downstream per device.",intent_processing,resp_03030d19609f13400069706c922024819581d25f4e11fd5c55,create_session,gpt-5-2025-08-07,2026-01-21 06:05:06,2026-01-21 06:05:15,medium,,,34622,16512,462,384,35084,Policy created successfully
"Create a slice for maritime passenger terminals, prioritizing user experience with 90 Mbps downstream per device.",type_definition,resp_0a04bf36808379440069706c9c12808193821988fc3aff01ed,,gpt-5-2025-08-07,2026-01-21 06:05:16,2026-01-21 06:05:17,medium,,,255,0,73,64,328,Policy created successfully
"Create a slice for precision agriculture machinery control, requiring uplink rates of 20 Mbps and packet delay budget of 7 ms.",intent_processing,resp_01cdb2382f265c9e0069706a4dc59c8193bf7e4a5f9a3b97bd,create_session,gpt-5-2025-08-07,2026-01-21 05:55:25,2026-01-21 05:55:33,medium,,,18032,8576,475,384,18507,Policy created successfully
"Create a slice for precision agriculture machinery control, requiring uplink rates of 20 Mbps and packet delay budget of 7 ms.",type_definition,resp_08ddcd408892ff790069706a569608819381a7b69ab2ea16a6,,gpt-5-2025-08-07,2026-01-21 05:55:34,2026-01-21 05:55:37,medium,,,261,0,137,128,398,Policy created successfully
"Create a slice for railway signaling systems, supporting 120 devices with latency not exceeding 4 ms.",intent_processing,resp_02ba8bbfa066df3a00697069a940f08193a321ddd317bf31dc,create_session,gpt-5-2025-08-07,2026-01-21 05:52:41,2026-01-21 05:52:50,medium,,,13777,6528,468,384,14245,Policy created successfully
"Create a slice for railway signaling systems, supporting 120 devices with latency not exceeding 4 ms.",type_definition,resp_0917bff45db61a9500697069b2fd9081939d4934eeb0fd70fe,,gpt-5-2025-08-07,2026-01-21 05:52:51,2026-01-21 05:52:56,medium,,,255,0,201,192,456,Policy created successfully
"Create a slice for remote heavy machinery diagnostics, requiring downstream rates of 70 Mbps and latency of 6 ms.",intent_processing,resp_09eafd3140a7dd170069706cd1b5a481938de4dd1c86937b9d,create_session,gpt-5-2025-08-07,2026-01-21 06:06:09,2026-01-21 06:06:21,medium,,,36702,17536,603,512,37305,Policy created successfully
"Create a slice for remote heavy machinery diagnostics, requiring downstream rates of 70 Mbps and latency of 6 ms.",type_definition,resp_06a43c2de58693670069706cdda02481969e13091a5a6bb63a,,gpt-5-2025-08-07,2026-01-21 06:06:21,2026-01-21 06:06:30,medium,,,258,0,457,448,715,Policy created successfully
"Create a slice for smart agriculture weather probes, supporting 1100 devices with uplink rates of 700 kbps.",intent_processing,resp_09fa9afaa78141ee0069706bb930308194a90489585680bc90,create_session,gpt-5-2025-08-07,2026-01-21 06:01:29,2026-01-21 06:01:40,medium,,,28427,13568,528,448,28955,Policy created successfully
"Create a slice for smart agriculture weather probes, supporting 1100 devices with uplink rates of 700 kbps.",type_definition,resp_0bde26d322b34d660069706bc5a1a48194a0e1c0c981ebd472,,gpt-5-2025-08-07,2026-01-21 06:01:41,2026-01-21 06:01:46,medium,,,259,0,265,256,524,Policy created successfully
"Create a slice for synchronized robotic welding, requiring uplink rates of 30 Mbps and packet delay budget of 2 ms.",intent_processing,resp_01eb581f7c2a9b6a0069706ef6064c81968bfbfc8442542d9c,create_session,gpt-5-2025-08-07,2026-01-21 06:15:18,2026-01-21 06:15:26,medium,,,50163,24064,411,320,50574,Policy created successfully
"Create a slice for synchronized robotic welding, requiring uplink rates of 30 Mbps and packet delay budget of 2 ms.",type_definition,resp_08d5038b60d8051b0069706efe8bb0819394274850a5106861,,gpt-5-2025-08-07,2026-01-21 06:15:26,2026-01-21 06:15:28,medium,,,260,0,137,128,397,Policy created successfully
"Create a slice for urban drone video inspections, requiring downstream rates of 220 Mbps and latency under 15 ms.",intent_processing,resp_002fc0bfc71855810069706e91b4108196b31eed45fa5155be,create_session,gpt-5-2025-08-07,2026-01-21 06:13:37,2026-01-21 06:14:11,medium,,,48093,23040,731,640,48824,Policy created successfully
"Create a slice for urban drone video inspections, requiring downstream rates of 220 Mbps and latency under 15 ms.",type_definition,resp_0ac8404af215a9cb0069706eb3795c8197bd396e46c7a8c7ee,,gpt-5-2025-08-07,2026-01-21 06:14:11,2026-01-21 06:14:17,medium,,,258,0,265,256,523,Policy created successfully
"Create a slice to control autonomous delivery robots in an industrial zone, requiring packet delay budget of 3 ms and uplink rates of 20 Mbps per device.",intent_processing,resp_0fd9c9745048072f00697069484280819599613a72d17a7da6,create_session,gpt-5-2025-08-07,2026-01-21 05:51:04,2026-01-21 05:51:22,medium,,,11635,4864,923,832,12558,Policy created successfully
"Create a slice to control autonomous delivery robots in an industrial zone, requiring packet delay budget of 3 ms and uplink rates of 20 Mbps per device.",type_definition,resp_0b196520a9534eb6006970695b0eac8196afedde5a4c15a401,,gpt-5-2025-08-07,2026-01-21 05:51:24,2026-01-21 05:51:26,medium,,,267,0,73,64,340,Policy created successfully
"Create a slice to enhance mobile broadband along a highway corridor, ensuring downstream speeds of 90 Mbps per device and latency below 30 ms.",intent_processing,resp_0e6df380c56b239a0069706849afd88190a642ad106bbc265c,create_session,gpt-5-2025-08-07,2026-01-21 05:46:49,2026-01-21 05:47:10,medium,,,5808,2560,1115,1024,6923,Policy created successfully
"Create a slice to enhance mobile broadband along a highway corridor, ensuring downstream speeds of 90 Mbps per device and latency below 30 ms.",type_definition,resp_0f08d49a3b59702b006970685f0fc481938360acee32e2b739,,gpt-5-2025-08-07,2026-01-21 05:47:11,2026-01-21 05:47:13,medium,,,263,0,73,64,336,Policy created successfully
"Create a slice to support video journalists transmitting live footage from a downtown area, allowing up to 40 devices with downstream rates of 120 Mbps per device and a packet delay budget of 15 ms to keep streams smooth.",intent_processing,resp_0bf1e004d66a6aa500697066c9e7688190a5f0261a6386e356,create_session,gpt-5-2025-08-07,2026-01-21 05:40:25,2026-01-21 05:40:49,medium,,,967,0,1627,1536,2594,Policy created successfully
"Create a slice to support video journalists transmitting live footage from a downtown area, allowing up to 40 devices with downstream rates of 120 Mbps per device and a packet delay budget of 15 ms to keep streams smooth.",type_definition,resp_0b0b5b6d465060aa00697066e216f88190b8d9dfa0e90adb39,,gpt-5-2025-08-07,2026-01-21 05:40:50,2026-01-21 05:40:54,medium,,,279,0,201,192,480,Policy created successfully
"Deploy a slice for a convention center hosting tech demos, supporting 200 devices with 200 Mbps downstream rates and packet delay budget of 10 ms.",intent_processing,resp_02c3ca62358b2b37006970683663908190b3bc6e3f9be15cba,create_session,gpt-5-2025-08-07,2026-01-21 05:46:30,2026-01-21 05:46:41,medium,,,5266,2304,603,512,5869,Policy created successfully
"Deploy a slice for a convention center hosting tech demos, supporting 200 devices with 200 Mbps downstream rates and packet delay budget of 10 ms.",type_definition,resp_072a7c358b993b36006970684238ec81908dcd6796850c3c4e,,gpt-5-2025-08-07,2026-01-21 05:46:42,2026-01-21 05:46:45,medium,,,265,0,201,192,466,Policy created successfully
"Deploy a slice for a media production crew using AR headsets, requiring downstream throughput of 300 Mbps per device and latency not exceeding 10 ms.",intent_processing,resp_0c95d5842f97f75400697067cd4b608197a4d3e23f361bcddd,create_session,gpt-5-2025-08-07,2026-01-21 05:44:45,2026-01-21 05:45:11,medium,,,2621,0,1115,1024,3736,Policy created successfully
"Deploy a slice for a media production crew using AR headsets, requiring downstream throughput of 300 Mbps per device and latency not exceeding 10 ms.",type_definition,resp_0f82b8f41d9353ec00697067e7e7a88196a6e8394e29111706,,gpt-5-2025-08-07,2026-01-21 05:45:12,2026-01-21 05:45:17,medium,,,265,0,265,256,530,Policy created successfully
"Deploy a slice for automated rail switch control, supporting 700 devices with latency capped at 4 ms.",intent_processing,resp_045e3187aa8f9e700069706ee2ff788193b828ed8811ce0e42,create_session,gpt-5-2025-08-07,2026-01-21 06:14:59,2026-01-21 06:15:11,medium,,,49646,23808,596,512,50242,Policy created successfully
"Deploy a slice for automated rail switch control, supporting 700 devices with latency capped at 4 ms.",type_definition,resp_0269499ab9c1b8140069706eefda8c8195ba0eab2ae80b3fb1,,gpt-5-2025-08-07,2026-01-21 06:15:11,2026-01-21 06:15:13,medium,,,256,0,73,64,329,Policy created successfully
"Deploy a slice for collaborative industrial robots, supporting 50 devices with latency capped at 2 ms.",intent_processing,resp_0669b7ccecd74c8e0069706a37396481908139a60c40c4dec5,create_session,gpt-5-2025-08-07,2026-01-21 05:55:03,2026-01-21 05:55:19,medium,,,17506,8320,980,896,18486,Policy created successfully
"Deploy a slice for collaborative industrial robots, supporting 50 devices with latency capped at 2 ms.",type_definition,resp_0fc682404656c03f0069706a47e98081909f04b9da3310e5ab,,gpt-5-2025-08-07,2026-01-21 05:55:19,2026-01-21 05:55:21,medium,,,255,0,73,64,328,Policy created successfully
"Deploy a slice for collision avoidance systems at intersections, allowing 600 devices with latency under 5 ms.",intent_processing,resp_06ce00df478b96ad0069706cc244f08194aad31632209df799,create_session,gpt-5-2025-08-07,2026-01-21 06:05:54,2026-01-21 06:06:02,medium,,,36179,16768,468,384,36647,Policy created successfully
"Deploy a slice for collision avoidance systems at intersections, allowing 600 devices with latency under 5 ms.",type_definition,resp_055fd6639200eef40069706ccb157c8190a200ecacd498041d,,gpt-5-2025-08-07,2026-01-21 06:06:03,2026-01-21 06:06:05,medium,,,256,0,73,64,329,Policy created successfully
"Deploy a slice for high-resolution mobile mapping vehicles, requiring 350 Mbps uplink per device and latency of 20 ms.",intent_processing,resp_096a1daa5494d7540069706f31eecc8196b92b9ef852e3d79b,create_session,gpt-5-2025-08-07,2026-01-21 06:16:18,2026-01-21 06:16:27,medium,,,51733,24192,539,448,52272,Policy created successfully
"Deploy a slice for high-resolution mobile mapping vehicles, requiring 350 Mbps uplink per device and latency of 20 ms.",type_definition,resp_02056e1c323c020b0069706f3c5f1881909a97e38d3577ec88,,gpt-5-2025-08-07,2026-01-21 06:16:28,2026-01-21 06:16:31,medium,,,260,0,137,128,397,Policy created successfully
"Deploy a slice for interactive advertising screens, supporting 100 devices with downstream rates of 150 Mbps.",intent_processing,resp_044760a9fc6399560069706c80f8fc8195a912f71bce948cd3,create_session,gpt-5-2025-08-07,2026-01-21 06:04:49,2026-01-21 06:04:58,medium,,,34121,15744,526,448,34647,Policy created successfully
"Deploy a slice for interactive advertising screens, supporting 100 devices with downstream rates of 150 Mbps.",type_definition,resp_02857e6b0c8ed1130069706c8b6e948196b47ab7f79dc8f297,,gpt-5-2025-08-07,2026-01-21 06:04:59,2026-01-21 06:05:01,medium,,,255,0,73,64,328,Policy created successfully
"Deploy a slice for live election coverage teams, requiring 250 Mbps uplink per device and packet delay budget of 18 ms.",intent_processing,resp_0f8acc1e492ece430069706d9a8e5c8197ac3dcb5bcf3b1250,create_session,gpt-5-2025-08-07,2026-01-21 06:09:30,2026-01-21 06:09:51,medium,,,41879,19328,475,384,42354,Policy created successfully
"Deploy a slice for live election coverage teams, requiring 250 Mbps uplink per device and packet delay budget of 18 ms.",type_definition,resp_05b4c85aa47a42d40069706db0dc5c81958a436ad91c44d414,,gpt-5-2025-08-07,2026-01-21 06:09:53,2026-01-21 06:09:57,medium,,,261,0,137,128,398,Policy created successfully
"Deploy a slice for mobile gaming users in a city park, targeting 120 Mbps downstream per device and 10 ms latency.",intent_processing,resp_0144b0473d3f93c10069706916ab6c819097284e8e32ee54c0,create_session,gpt-5-2025-08-07,2026-01-21 05:50:14,2026-01-21 05:50:27,medium,,,10555,5120,795,704,11350,Policy created successfully
"Deploy a slice for mobile gaming users in a city park, targeting 120 Mbps downstream per device and 10 ms latency.",type_definition,resp_0230043e504edfaf006970692460948193a59ba8203753e5e9,,gpt-5-2025-08-07,2026-01-21 05:50:28,2026-01-21 05:50:33,medium,,,260,0,201,192,461,Policy created successfully
"Deploy a slice for pipeline pressure sensors, allowing 2000 devices with latency tolerance of 180 ms.",intent_processing,resp_0cd45898597a24690069706baa80c48193a4f2d93c1e8dbd93,create_session,gpt-5-2025-08-07,2026-01-21 06:01:14,2026-01-21 06:01:21,medium,,,27909,13312,341,256,28250,Policy created successfully
"Deploy a slice for pipeline pressure sensors, allowing 2000 devices with latency tolerance of 180 ms.",type_definition,resp_07ebd5e4f5f40f700069706bb2367881908b0e40e14da3c9aa,,gpt-5-2025-08-07,2026-01-21 06:01:22,2026-01-21 06:01:23,medium,,,256,0,73,64,329,Policy created successfully
"Deploy a slice for power grid protection relays, supporting 300 devices with latency capped at 4 ms.",intent_processing,resp_08879334e28f6a2900697069dceab4819783d8eef9ac4ca827,create_session,gpt-5-2025-08-07,2026-01-21 05:53:32,2026-01-21 05:53:48,medium,,,15381,7296,660,576,16041,Policy created successfully
"Deploy a slice for power grid protection relays, supporting 300 devices with latency capped at 4 ms.",type_definition,resp_07aa77d792ae823600697069ed53888195923b359d57b8d9af,,gpt-5-2025-08-07,2026-01-21 05:53:49,2026-01-21 05:53:52,medium,,,257,0,137,128,394,Policy created successfully
"Deploy a slice for real-time video feedback in remote inspections, requiring 80 Mbps downstream per device and latency of 5 ms.",intent_processing,resp_0470b663b4853d510069706a8216c08194bb21b347a5d12ace,create_session,gpt-5-2025-08-07,2026-01-21 05:56:18,2026-01-21 05:56:26,medium,,,19615,9088,539,448,20154,Policy created successfully
"Deploy a slice for real-time video feedback in remote inspections, requiring 80 Mbps downstream per device and latency of 5 ms.",type_definition,resp_07a42c52e39ea0580069706a8ad58c81938ddf41c5be80cb27,,gpt-5-2025-08-07,2026-01-21 05:56:26,2026-01-21 05:56:36,medium,,,261,0,457,448,718,Policy created successfully
"Deploy a slice for remote crane operation at a port, requiring 1 ms packet delay budget and 50 Mbps downstream per device.",intent_processing,resp_02a62a6a0ed2ffaf006970699678488193b42c3ee496520f45,create_session,gpt-5-2025-08-07,2026-01-21 05:52:22,2026-01-21 05:52:32,medium,,,13242,6272,603,512,13845,Policy created successfully
"Deploy a slice for remote crane operation at a port, requiring 1 ms packet delay budget and 50 Mbps downstream per device.",type_definition,resp_0fe2b40b4a3c1e3100697069a08380819595eb9654c1ee8893,,gpt-5-2025-08-07,2026-01-21 05:52:32,2026-01-21 05:52:36,medium,,,261,0,137,128,398,Policy created successfully
"Deploy a slice for remote surgery assistance systems, requiring downstream rates of 1 Gbps per device and packet delay budget of 1 ms.",intent_processing,resp_0f0bc578a947a1d90069706acff5048197b79a7e78c2595650,create_session,gpt-5-2025-08-07,2026-01-21 05:57:36,2026-01-21 05:57:47,medium,,,21718,10368,604,512,22322,Policy created successfully
"Deploy a slice for remote surgery assistance systems, requiring downstream rates of 1 Gbps per device and packet delay budget of 1 ms.",type_definition,resp_01f97064d811e6c00069706adbb3008193beedd211376781af,,gpt-5-2025-08-07,2026-01-21 05:57:47,2026-01-21 05:57:51,medium,,,263,0,73,64,336,Policy created successfully
"Deploy a slice for remote vehicle diagnostics in motion, requiring uplink rates of 25 Mbps and latency of 7 ms.",intent_processing,resp_0fcdaf57c49bd76a0069706df60d608193a6125b3fc6001d6f,create_session,gpt-5-2025-08-07,2026-01-21 06:11:02,2026-01-21 06:11:09,medium,,,43957,20992,411,320,44368,Policy created successfully
"Deploy a slice for remote vehicle diagnostics in motion, requiring uplink rates of 25 Mbps and latency of 7 ms.",type_definition,resp_0bdeb2e314a78f220069706dfe0d708195aa0a8048adae0a09,,gpt-5-2025-08-07,2026-01-21 06:11:10,2026-01-21 06:11:22,medium,,,260,0,585,576,845,Policy created successfully
"Deploy a slice for smart irrigation controllers, allowing 2600 devices with latency tolerance of 200 ms.",intent_processing,resp_07d90199f629d4e10069706bf63f8881908e837eea535dc545,create_session,gpt-5-2025-08-07,2026-01-21 06:02:30,2026-01-21 06:02:39,medium,,,29973,14336,533,448,30506,Policy created successfully
"Deploy a slice for smart irrigation controllers, allowing 2600 devices with latency tolerance of 200 ms.",type_definition,resp_085ed335bd823f210069706c006b4881958e444a741df325fc,,gpt-5-2025-08-07,2026-01-21 06:02:40,2026-01-21 06:02:43,medium,,,256,0,137,128,393,Policy created successfully
"Deploy a slice for smart locker systems, supporting 1800 devices with latency tolerance of 150 ms.",intent_processing,resp_02601309437863120069706e46778c8194b593016aa1b52baa,create_session,gpt-5-2025-08-07,2026-01-21 06:12:22,2026-01-21 06:12:30,medium,,,46033,21760,533,448,46566,Policy created successfully
"Deploy a slice for smart locker systems, supporting 1800 devices with latency tolerance of 150 ms.",type_definition,resp_0c17209e0feba4dc0069706e4f10008197947b67ea82d07501,,gpt-5-2025-08-07,2026-01-21 06:12:31,2026-01-21 06:12:33,medium,,,256,0,73,64,329,Policy created successfully
"Deploy a slice for smart recycling bin sensors, allowing 2300 devices with latency tolerance of 180 ms.",intent_processing,resp_0033742c846e546d0069706c3d4f908193b82b85f8f31ed628,create_session,gpt-5-2025-08-07,2026-01-21 06:03:41,2026-01-21 06:03:52,medium,,,32028,15232,725,640,32753,Policy created successfully
"Deploy a slice for smart recycling bin sensors, allowing 2300 devices with latency tolerance of 180 ms.",type_definition,resp_0f4532a13b50738b0069706c491aac819787863d1d4141f741,,gpt-5-2025-08-07,2026-01-21 06:03:53,2026-01-21 06:03:54,medium,,,257,0,73,64,330,Policy created successfully
"Deploy a slice for smart vending machine telemetry, supporting 1900 devices with latency tolerance of 200 ms.",intent_processing,resp_0964278912cca7010069706d0cd758819384d1c719ec3c6f59,create_session,gpt-5-2025-08-07,2026-01-21 06:07:08,2026-01-21 06:07:14,medium,,,38265,18304,341,256,38606,Policy created successfully
"Deploy a slice for smart vending machine telemetry, supporting 1900 devices with latency tolerance of 200 ms.",type_definition,resp_00d50dbe25d8da670069706d13922c8195933b3da9e20301a1,,gpt-5-2025-08-07,2026-01-21 06:07:15,2026-01-21 06:07:17,medium,,,257,0,73,64,330,Policy created successfully
"Deploy a slice for tourists in a historical district, optimized for media consumption with 80 Mbps downstream per device and 25 ms latency.",intent_processing,resp_00891bf57210aa8300697068ba3fe88197bab223375d4867dd,create_session,gpt-5-2025-08-07,2026-01-21 05:48:42,2026-01-21 05:49:01,medium,,,8445,4096,795,704,9240,Policy created successfully
"Deploy a slice for tourists in a historical district, optimized for media consumption with 80 Mbps downstream per device and 25 ms latency.",type_definition,resp_0b7d6ecb702e60e700697068cd6c1c8196af973c374ac312f6,,gpt-5-2025-08-07,2026-01-21 05:49:01,2026-01-21 05:49:04,medium,,,262,0,73,64,335,Policy created successfully
"Deploy a slice for waste management sensors, allowing 1800 devices with latency tolerance of 150 ms.",intent_processing,resp_0a9694df7f4258d70069706b1c6a80819491c34096abe74d7f,create_session,gpt-5-2025-08-07,2026-01-21 05:58:52,2026-01-21 05:58:59,medium,,,23792,11264,341,256,24133,Policy created successfully
"Deploy a slice for waste management sensors, allowing 1800 devices with latency tolerance of 150 ms.",type_definition,resp_0842f90360a0ed370069706b2436208196939c2c3386e3ff38,,gpt-5-2025-08-07,2026-01-21 05:59:00,2026-01-21 05:59:02,medium,,,256,0,73,64,329,Policy created successfully
"Deploy a slice for weather stations in rural areas, allowing 900 devices with latency tolerance of 250 ms.",intent_processing,resp_007d7aaf67fd45c10069706b69b48c819795a8bd98d426428f,create_session,gpt-5-2025-08-07,2026-01-21 06:00:09,2026-01-21 06:00:16,medium,,,25862,12288,404,320,26266,Policy created successfully
"Deploy a slice for weather stations in rural areas, allowing 900 devices with latency tolerance of 250 ms.",type_definition,resp_0fbe70757895fce00069706b708cb48195b45c688ef8e0c842,,gpt-5-2025-08-07,2026-01-21 06:00:16,2026-01-21 06:00:21,medium,,,257,0,201,192,458,Policy created successfully
"Design a slice for a business district to support cloud-based applications, targeting 100 Mbps downstream per device and latency around 20 ms.",intent_processing,resp_083c35af7e500fe900697068260d48819393df1b583c5ab9de,create_session,gpt-5-2025-08-07,2026-01-21 05:46:14,2026-01-21 05:46:23,medium,,,4720,2048,731,640,5451,Policy created successfully
"Design a slice for a business district to support cloud-based applications, targeting 100 Mbps downstream per device and latency around 20 ms.",type_definition,resp_035cb8fd667a287700697068304948819388f42142c32b6093,,gpt-5-2025-08-07,2026-01-21 05:46:24,2026-01-21 05:46:26,medium,,,262,0,137,128,399,Policy created successfully
"Establish a slice for airport ground vehicle coordination, supporting 200 devices with latency capped at 5 ms.",intent_processing,resp_0256925ece20f2f00069706ab9932c8197aa078f4806be525e,create_session,gpt-5-2025-08-07,2026-01-21 05:57:13,2026-01-21 05:57:29,medium,,,21195,10112,916,832,22111,Policy created successfully
"Establish a slice for airport ground vehicle coordination, supporting 200 devices with latency capped at 5 ms.",type_definition,resp_06d3c255f78717e10069706aca61648194b90e2298f20a915b,,gpt-5-2025-08-07,2026-01-21 05:57:30,2026-01-21 05:57:32,medium,,,257,0,73,64,330,Policy created successfully
"Establish a slice for automated guided vehicles in a factory, prioritizing ultra-low latency of 2 ms and uplink throughput of 25 Mbps.",intent_processing,resp_07e6bae3f8e4c11300697069854bb08194bdcebb80c802b563,create_session,gpt-5-2025-08-07,2026-01-21 05:52:05,2026-01-21 05:52:16,medium,,,12703,12672,731,640,13434,Policy created successfully
"Establish a slice for automated guided vehicles in a factory, prioritizing ultra-low latency of 2 ms and uplink throughput of 25 Mbps.",type_definition,resp_03ea82093ae3a8610069706991090c8195bd04ca83b622522a,,gpt-5-2025-08-07,2026-01-21 05:52:17,2026-01-21 05:52:18,medium,,,265,0,73,64,338,Policy created successfully
"Establish a slice for city bike availability sensors, allowing 3100 devices with uplink rates of 300 kbps.",intent_processing,resp_0fdae9197ea70c260069706cfd63848196b9cc0420b8fb4f02,create_session,gpt-5-2025-08-07,2026-01-21 06:06:53,2026-01-21 06:07:01,medium,,,37756,17280,400,320,38156,Policy created successfully
"Establish a slice for city bike availability sensors, allowing 3100 devices with uplink rates of 300 kbps.",type_definition,resp_0b93d58e2f5fc4d10069706d058b588194b6760f14fc9a67fc,,gpt-5-2025-08-07,2026-01-21 06:07:01,2026-01-21 06:07:04,medium,,,260,0,137,128,397,Policy created successfully
"Establish a slice for city surveillance analysts reviewing HD feeds, requiring 200 Mbps downstream and latency under 20 ms.",intent_processing,resp_0912233c83963ac30069706c6d45fc8195856073f62092342c,create_session,gpt-5-2025-08-07,2026-01-21 06:04:29,2026-01-21 06:04:41,medium,,,33593,16000,539,448,34132,Policy created successfully
"Establish a slice for city surveillance analysts reviewing HD feeds, requiring 200 Mbps downstream and latency under 20 ms.",type_definition,resp_078722e281a82bc40069706c7a367481979aa1acfb63d34384,,gpt-5-2025-08-07,2026-01-21 06:04:42,2026-01-21 06:04:44,medium,,,259,0,73,64,332,Policy created successfully
"Establish a slice for city-wide asset tracking tags, supporting 4200 devices with uplink rates of 400 kbps.",intent_processing,resp_0483863c0735951c0069706c2bfd348194a353fef81bbaafb8,create_session,gpt-5-2025-08-07,2026-01-21 06:03:24,2026-01-21 06:03:33,medium,,,31520,15104,464,384,31984,Policy created successfully
"Establish a slice for city-wide asset tracking tags, supporting 4200 devices with uplink rates of 400 kbps.",type_definition,resp_03ed2cea7a318cae0069706c35a7608195a4444428080750da,,gpt-5-2025-08-07,2026-01-21 06:03:33,2026-01-21 06:03:37,medium,,,261,0,201,192,462,Policy created successfully
"Establish a slice for co-working spaces, supporting 250 devices with downstream speeds of 100 Mbps per device.",intent_processing,resp_0c4c38d17d6316fd00697068f03d0881909b8fe1d56d5110e7,create_session,gpt-5-2025-08-07,2026-01-21 05:49:36,2026-01-21 05:49:46,medium,,,9512,2816,654,576,10166,Policy created successfully
"Establish a slice for co-working spaces, supporting 250 devices with downstream speeds of 100 Mbps per device.",type_definition,resp_0eb4014447bc695900697068fb44388196a76769941b6484dc,,gpt-5-2025-08-07,2026-01-21 05:49:47,2026-01-21 05:49:50,medium,,,258,0,137,128,395,Policy created successfully
"Establish a slice for commuters in a busy train station, optimized for high-capacity browsing with support for 500 devices and downstream rates of 60 Mbps per device.",intent_processing,resp_00185e5f9d3099c800697067f1adbc8194b003554553d756ab,create_session,gpt-5-2025-08-07,2026-01-21 05:45:21,2026-01-21 05:45:32,medium,,,3160,1408,718,640,3878,Policy created successfully
"Establish a slice for commuters in a busy train station, optimized for high-capacity browsing with support for 500 devices and downstream rates of 60 Mbps per device.",type_definition,resp_0351d7a63a07532800697067fc90588197815eaa0adc0fe0fb,,gpt-5-2025-08-07,2026-01-21 05:45:32,2026-01-21 05:45:34,medium,,,269,0,73,64,342,Policy created successfully
"Establish a slice for corporate offices using cloud desktops, with 120 Mbps downstream per device and packet delay budget of 15 ms.",intent_processing,resp_070fcb35111d4f510069706875780481909c3b776602040895,create_session,gpt-5-2025-08-07,2026-01-21 05:47:33,2026-01-21 05:47:50,medium,,,6855,0,859,768,7714,Policy created successfully
"Establish a slice for corporate offices using cloud desktops, with 120 Mbps downstream per device and packet delay budget of 15 ms.",type_definition,resp_0219e88e3c60696e006970688738808197b664f5856ab00c8e,,gpt-5-2025-08-07,2026-01-21 05:47:51,2026-01-21 05:47:57,medium,,,262,0,201,192,463,Policy created successfully
"Establish a slice for environmental radiation sensors, allowing 1000 devices with uplink rates of 700 kbps.",intent_processing,resp_0abe4a4c2d6f505e0069706e30862c819583cc98b6d3124ee8,create_session,gpt-5-2025-08-07,2026-01-21 06:12:00,2026-01-21 06:12:07,medium,,,45527,20736,400,320,45927,Policy created successfully
"Establish a slice for environmental radiation sensors, allowing 1000 devices with uplink rates of 700 kbps.",type_definition,resp_00be325cca2163e70069706e385a1881979ad767fb2892fcce,,gpt-5-2025-08-07,2026-01-21 06:12:08,2026-01-21 06:12:17,medium,,,259,0,457,448,716,Policy created successfully
"Establish a slice for industrial alarm systems, supporting 900 devices with packet delay budget of 5 ms.",intent_processing,resp_05f7f54ec94df8b70069706de39a148193bd4a71980188b7eb,create_session,gpt-5-2025-08-07,2026-01-21 06:10:43,2026-01-21 06:10:53,medium,,,43433,19968,404,320,43837,Policy created successfully
"Establish a slice for industrial alarm systems, supporting 900 devices with packet delay budget of 5 ms.",type_definition,resp_087189880c7186cf0069706dee2690819580553dc7c30b991c,,gpt-5-2025-08-07,2026-01-21 06:10:54,2026-01-21 06:10:57,medium,,,257,0,73,64,330,Policy created successfully
"Establish a slice for noise pollution monitoring units, supporting 1400 devices with uplink rates of 600 kbps.",intent_processing,resp_09a6f7347c4be3670069706b97be5081959705b00eb5f08473,create_session,gpt-5-2025-08-07,2026-01-21 06:00:55,2026-01-21 06:01:02,medium,,,27409,13056,336,256,27745,Policy created successfully
"Establish a slice for noise pollution monitoring units, supporting 1400 devices with uplink rates of 600 kbps.",type_definition,resp_08d983a0d9b77ca10069706b9f20348195a22e1a04f79fe2b7,,gpt-5-2025-08-07,2026-01-21 06:01:03,2026-01-21 06:01:10,medium,,,260,0,457,448,717,Policy created successfully
"Establish a slice for pop-up business expos, allowing 500 devices with packet delay budget of 25 ms.",intent_processing,resp_0e83707de7695c250069706ecd2f3c8190a77250ebcdd592ea,create_session,gpt-5-2025-08-07,2026-01-21 06:14:37,2026-01-21 06:14:49,medium,,,49127,23296,596,512,49723,Policy created successfully
"Establish a slice for pop-up business expos, allowing 500 devices with packet delay budget of 25 ms.",type_definition,resp_00502377ba7697d10069706ed98bdc8197bc706df8d16e8a42,,gpt-5-2025-08-07,2026-01-21 06:14:49,2026-01-21 06:14:54,medium,,,258,0,329,320,587,Policy created successfully
"Establish a slice for public safety siren monitoring, supporting 1100 devices with uplink rates of 600 kbps.",intent_processing,resp_05f7d741624ce57e0069706f18789c819382dd1bcfecef4234,create_session,gpt-5-2025-08-07,2026-01-21 06:15:52,2026-01-21 06:16:04,medium,,,51222,24448,656,576,51878,Policy created successfully
"Establish a slice for public safety siren monitoring, supporting 1100 devices with uplink rates of 600 kbps.",type_definition,resp_064a5ad176c2ac430069706f2573ec81939a2115ade539171f,,gpt-5-2025-08-07,2026-01-21 06:16:05,2026-01-21 06:16:13,medium,,,261,0,457,448,718,Policy created successfully
"Establish a slice for public transportation telemetry sensors, supporting 1700 devices with uplink rates of 900 kbps.",intent_processing,resp_0d46b4b739c536cc0069706bdffe848194b12e60f5b3a154c1,create_session,gpt-5-2025-08-07,2026-01-21 06:02:08,2026-01-21 06:02:18,medium,,,29462,13824,464,384,29926,Policy created successfully
"Establish a slice for public transportation telemetry sensors, supporting 1700 devices with uplink rates of 900 kbps.",type_definition,resp_0a9a35f657c1d9b90069706beb683c8194a8e6e067fbd30363,,gpt-5-2025-08-07,2026-01-21 06:02:19,2026-01-21 06:02:25,medium,,,260,0,329,320,589,Policy created successfully
"Establish a slice for real-time map updates for ride-sharing fleets, supporting 400 devices with uplink rates of 45 Mbps.",intent_processing,resp_06b2da03be590b120069706d88cc5881979bce32dbfb10d8fd,create_session,gpt-5-2025-08-07,2026-01-21 06:09:12,2026-01-21 06:09:22,medium,,,41368,19712,398,320,41766,Policy created successfully
"Establish a slice for real-time map updates for ride-sharing fleets, supporting 400 devices with uplink rates of 45 Mbps.",type_definition,resp_0f1c0f3b84506ebd0069706d92f9f0819683a99c038cfebacd,,gpt-5-2025-08-07,2026-01-21 06:09:23,2026-01-21 06:09:26,medium,,,262,0,201,192,463,Policy created successfully
"Establish a slice for remote medical equipment monitoring, prioritizing latency of 5 ms and downstream rates of 25 Mbps.",intent_processing,resp_0b7a07115f7361950069706a20816c81958f05760d371c07c9,create_session,gpt-5-2025-08-07,2026-01-21 05:54:40,2026-01-21 05:54:53,medium,,,16982,8064,731,640,17713,Policy created successfully
"Establish a slice for remote medical equipment monitoring, prioritizing latency of 5 ms and downstream rates of 25 Mbps.",type_definition,resp_0420f81e2e8f93020069706a2dca2881939ff638452e825dc0,,gpt-5-2025-08-07,2026-01-21 05:54:53,2026-01-21 05:54:59,medium,,,260,0,265,256,525,Policy created successfully
"Establish a slice for robotic assembly lines, requiring downstream rates of 60 Mbps per device and packet delay budget of 3 ms.",intent_processing,resp_0fb542d14bcff8d700697069ce738c81978eb616f59469a1cf,create_session,gpt-5-2025-08-07,2026-01-21 05:53:18,2026-01-21 05:53:25,medium,,,14842,7040,411,320,15253,Policy created successfully
"Establish a slice for robotic assembly lines, requiring downstream rates of 60 Mbps per device and packet delay budget of 3 ms.",type_definition,resp_012e5dcd4c39fbff00697069d6458c819695a7f2d1efdd40f5,,gpt-5-2025-08-07,2026-01-21 05:53:26,2026-01-21 05:53:28,medium,,,262,0,137,128,399,Policy created successfully
"Establish a slice for robotic firefighting units, requiring uplink rates of 35 Mbps and packet delay budget of 3 ms.",intent_processing,resp_0f1ac3ee3d871dfc0069706cb00ec48196b51f5b992de5e119,create_session,gpt-5-2025-08-07,2026-01-21 06:05:36,2026-01-21 06:05:45,medium,,,35643,17024,539,448,36182,Policy created successfully
"Establish a slice for robotic firefighting units, requiring uplink rates of 35 Mbps and packet delay budget of 3 ms.",type_definition,resp_09436d14b5ada8850069706cb9b33c8194abe7395c16923147,,gpt-5-2025-08-07,2026-01-21 06:05:45,2026-01-21 06:05:50,medium,,,262,0,137,128,399,Policy created successfully
"Establish a slice for smart bus stop information panels, allowing 1200 devices with uplink rates of 600 kbps.",intent_processing,resp_0140c88c9ccae70f0069706d4b1750819784b2e6f358d7dac0,create_session,gpt-5-2025-08-07,2026-01-21 06:08:11,2026-01-21 06:08:20,medium,,,39830,19072,400,320,40230,Policy created successfully
"Establish a slice for smart bus stop information panels, allowing 1200 devices with uplink rates of 600 kbps.",type_definition,resp_047a792ca2db392b0069706d54a90c81908f7106e637844cd0,,gpt-5-2025-08-07,2026-01-21 06:08:20,2026-01-21 06:08:32,medium,,,261,0,521,512,782,Policy created successfully
"Establish a slice for smart traffic sign telemetry, allowing 2400 devices with uplink rates of 500 kbps.",intent_processing,resp_0f12d80f763afa020069706e7ab080819685194d6f62d8085a,create_session,gpt-5-2025-08-07,2026-01-21 06:13:14,2026-01-21 06:13:25,medium,,,47584,22528,656,576,48240,Policy created successfully
"Establish a slice for smart traffic sign telemetry, allowing 2400 devices with uplink rates of 500 kbps.",type_definition,resp_0eb1efb9e7d196a10069706e85ded08190b2940a0c9e944c99,,gpt-5-2025-08-07,2026-01-21 06:13:25,2026-01-21 06:13:33,medium,,,260,0,393,384,653,Policy created successfully
"Establish a slice for street lighting control nodes, supporting 3500 devices with uplink rates of 300 kbps.",intent_processing,resp_08c104d64f14e4e10069706b5bbcf88194b84395dec3fa6cec,create_session,gpt-5-2025-08-07,2026-01-21 05:59:55,2026-01-21 06:00:02,medium,,,25354,11776,464,384,25818,Policy created successfully
"Establish a slice for street lighting control nodes, supporting 3500 devices with uplink rates of 300 kbps.",type_definition,resp_063d49534e9c9c800069706b62d6948193a56bdbccd1a58119,,gpt-5-2025-08-07,2026-01-21 06:00:02,2026-01-21 06:00:05,medium,,,260,0,137,128,397,Policy created successfully
"Establish a slice for tunnel safety systems, supporting 400 devices with latency capped at 6 ms.",intent_processing,resp_099dfd9521a37c6d0069706a6f7e0c8193b868bd9102537a1a,create_session,gpt-5-2025-08-07,2026-01-21 05:55:59,2026-01-21 05:56:11,medium,,,19089,5888,660,576,19749,Policy created successfully
"Establish a slice for tunnel safety systems, supporting 400 devices with latency capped at 6 ms.",type_definition,resp_09eedfc1dd3a85320069706a7ba5508193884b43be4135b016,,gpt-5-2025-08-07,2026-01-21 05:56:11,2026-01-21 05:56:14,medium,,,256,0,137,128,393,Policy created successfully
"Establish a slice for utility metering infrastructure, supporting 4000 devices with uplink rates of 500 kbps per device.",intent_processing,resp_0cde9ca62ee43e860069706b075f5881948acba7233d1ada77,create_session,gpt-5-2025-08-07,2026-01-21 05:58:31,2026-01-21 05:58:43,medium,,,23286,11008,656,576,23942,Policy created successfully
"Establish a slice for utility metering infrastructure, supporting 4000 devices with uplink rates of 500 kbps per device.",type_definition,resp_0662d4f36397ada60069706b14962c81948204b6a5f361a9ab,,gpt-5-2025-08-07,2026-01-21 05:58:44,2026-01-21 05:58:48,medium,,,262,0,201,192,463,Policy created successfully
"Provision a slice for a TV broadcast van zone, prioritizing uplink capacity of 200 Mbps per device and packet delay budget of 12 ms.",intent_processing,resp_0c6cbc0ea68dc72400697068d3e74c81968413bb5d81ea8402,create_session,gpt-5-2025-08-07,2026-01-21 05:49:07,2026-01-21 05:49:27,medium,,,8983,4352,987,896,9970,Policy created successfully
"Provision a slice for a TV broadcast van zone, prioritizing uplink capacity of 200 Mbps per device and packet delay budget of 12 ms.",type_definition,resp_0a8f637b5797ce5700697068e7a3788195b3965e60906fb89f,,gpt-5-2025-08-07,2026-01-21 05:49:27,2026-01-21 05:49:32,medium,,,265,0,201,192,466,Policy created successfully
"Provision a slice for a public square with heavy social media usage, supporting 600 devices and uplink rates of 35 Mbps per device.",intent_processing,resp_0861fc21747ef05f0069706864ec2c8195b15d997b5bad201f,create_session,gpt-5-2025-08-07,2026-01-21 05:47:16,2026-01-21 05:47:25,medium,,,6348,3072,462,384,6810,Policy created successfully
"Provision a slice for a public square with heavy social media usage, supporting 600 devices and uplink rates of 35 Mbps per device.",type_definition,resp_0f5b9fbd242c6494006970686d99b88195974be557975aadc6,,gpt-5-2025-08-07,2026-01-21 05:47:25,2026-01-21 05:47:29,medium,,,263,0,201,192,464,Policy created successfully
"Provision a slice for a university campus event where attendees will upload and stream media, targeting uplink rates of 50 Mbps per device and downstream rates of 100 Mbps with latency capped at 20 ms.",intent_processing,resp_01d872988ecdebe2006970679e1cc88195b7d20eedb7c0e328,create_session,gpt-5-2025-08-07,2026-01-21 05:43:58,2026-01-21 05:44:13,medium,,,1522,0,802,704,2324,Policy created successfully
"Provision a slice for a university campus event where attendees will upload and stream media, targeting uplink rates of 50 Mbps per device and downstream rates of 100 Mbps with latency capped at 20 ms.",type_definition,resp_0aa80db4d082872f00697067ade93c8194ad4fa35efaa834ec,,gpt-5-2025-08-07,2026-01-21 05:44:13,2026-01-21 05:44:17,medium,,,276,0,137,128,413,Policy created successfully
"Provision a slice for agricultural soil sensors, allowing 2200 devices with packet delay budget of 200 ms.",intent_processing,resp_05fa2dd1cb6592b70069706b4148308193bb73e75db22d7828,create_session,gpt-5-2025-08-07,2026-01-21 05:59:29,2026-01-21 05:59:48,medium,,,24826,9344,853,768,25679,Policy created successfully
"Provision a slice for agricultural soil sensors, allowing 2200 devices with packet delay budget of 200 ms.",type_definition,resp_03cb921a61b5518c0069706b552ab081938f42ae08b06df099,,gpt-5-2025-08-07,2026-01-21 05:59:49,2026-01-21 05:59:51,medium,,,257,0,73,64,330,Policy created successfully
"Provision a slice for an outdoor music festival where attendees share video clips, allowing up to 800 devices with uplink rates of 40 Mbps per device.",intent_processing,resp_0269a42e66ce716200697068151aa48197a4a5585347805c85,create_session,gpt-5-2025-08-07,2026-01-21 05:45:57,2026-01-21 05:46:07,medium,,,4215,1536,654,576,4869,Policy created successfully
"Provision a slice for an outdoor music festival where attendees share video clips, allowing up to 800 devices with uplink rates of 40 Mbps per device.",type_definition,resp_0c971bd9b193e105006970681fc6048194abfb41c589caf761,,gpt-5-2025-08-07,2026-01-21 05:46:07,2026-01-21 05:46:09,medium,,,266,0,73,64,339,Policy created successfully
"Provision a slice for automated port gate operations, supporting 250 devices with packet delay budget of 4 ms.",intent_processing,resp_04602b5ffab28b600069706cea8b5c81978ebe6f33c5d240f0,create_session,gpt-5-2025-08-07,2026-01-21 06:06:34,2026-01-21 06:06:45,medium,,,37239,17792,532,448,37771,Policy created successfully
"Provision a slice for automated port gate operations, supporting 250 devices with packet delay budget of 4 ms.",type_definition,resp_0241e27d7e3cbe980069706cf5b1c88190852dbf5a5d6ed86e,,gpt-5-2025-08-07,2026-01-21 06:06:45,2026-01-21 06:06:49,medium,,,257,0,137,128,394,Policy created successfully
"Provision a slice for automated train door control systems, supporting 500 devices with latency capped at 4 ms.",intent_processing,resp_00ee6880a5a697a10069706ca1b0f48193ba274853d254dbaf,create_session,gpt-5-2025-08-07,2026-01-21 06:05:21,2026-01-21 06:05:30,medium,,,35123,16256,404,320,35527,Policy created successfully
"Provision a slice for automated train door control systems, supporting 500 devices with latency capped at 4 ms.",type_definition,resp_05035524de1144100069706caa762c81979ba9d67d15f8ec60,,gpt-5-2025-08-07,2026-01-21 06:05:30,2026-01-21 06:05:32,medium,,,257,0,73,64,330,Policy created successfully
"Provision a slice for automated warehouse sorting systems, allowing 150 devices with latency under 5 ms.",intent_processing,resp_0b7fb54110bd79770069706a5d82a08196a61b935377f1458b,create_session,gpt-5-2025-08-07,2026-01-21 05:55:41,2026-01-21 05:55:52,medium,,,18569,8832,596,512,19165,Policy created successfully
"Provision a slice for automated warehouse sorting systems, allowing 150 devices with latency under 5 ms.",type_definition,resp_0c98decb5b0b5a220069706a68d0d881949a4a733993933ca3,,gpt-5-2025-08-07,2026-01-21 05:55:52,2026-01-21 05:55:55,medium,,,255,0,137,128,392,Policy created successfully
"Provision a slice for building management sensors in commercial zones, allowing 3200 devices with packet delay budget of 100 ms.",intent_processing,resp_09a02bf2e6ac534e0069706bcf090081979acf185589c42ff9,create_session,gpt-5-2025-08-07,2026-01-21 06:01:51,2026-01-21 06:01:59,medium,,,28943,12032,533,448,29476,Policy created successfully
"Provision a slice for building management sensors in commercial zones, allowing 3200 devices with packet delay budget of 100 ms.",type_definition,resp_0e2f9301c45a0bde0069706bd8280881978596c50295f9c558,,gpt-5-2025-08-07,2026-01-21 06:02:00,2026-01-21 06:02:03,medium,,,260,0,137,128,397,Policy created successfully
"Provision a slice for coastal erosion monitoring sensors, supporting 1300 devices with packet delay budget of 200 ms.",intent_processing,resp_03dfdf92658cc2d30069706e6968448195a42f098098abc00f,create_session,gpt-5-2025-08-07,2026-01-21 06:12:57,2026-01-21 06:13:07,medium,,,47058,22016,725,640,47783,Policy created successfully
"Provision a slice for coastal erosion monitoring sensors, supporting 1300 devices with packet delay budget of 200 ms.",type_definition,resp_06584901e95fa0500069706e749c2c81959dcb897ae3b36b4f,,gpt-5-2025-08-07,2026-01-21 06:13:08,2026-01-21 06:13:10,medium,,,258,0,73,64,331,Policy created successfully
"Provision a slice for coordinated drone light shows, supporting 500 devices with packet delay budget of 5 ms.",intent_processing,resp_00244e7c1b15a0090069706e2041388190a049f221fbcac320,create_session,gpt-5-2025-08-07,2026-01-21 06:11:44,2026-01-21 06:11:52,medium,,,45007,21504,468,384,45475,Policy created successfully
"Provision a slice for coordinated drone light shows, supporting 500 devices with packet delay budget of 5 ms.",type_definition,resp_049b7eb1b6ae60210069706e297bd48195b57aac8132756fef,,gpt-5-2025-08-07,2026-01-21 06:11:53,2026-01-21 06:11:56,medium,,,257,0,137,128,394,Policy created successfully
"Provision a slice for drone traffic management, supporting 60 devices with latency capped at 5 ms and downstream rates of 30 Mbps.",intent_processing,resp_0bf0663baee8b25f006970696205988193bdd54c61de8035f6,create_session,gpt-5-2025-08-07,2026-01-21 05:51:30,2026-01-21 05:51:40,medium,,,12166,5632,667,576,12833,Policy created successfully
"Provision a slice for drone traffic management, supporting 60 devices with latency capped at 5 ms and downstream rates of 30 Mbps.",type_definition,resp_0a2416b7381c9a71006970696c715481948a16e21069d90518,,gpt-5-2025-08-07,2026-01-21 05:51:40,2026-01-21 05:51:42,medium,,,262,0,137,128,399,Policy created successfully
"Provision a slice for emergency response vehicle coordination, targeting uplink rates of 40 Mbps and latency under 5 ms.",intent_processing,resp_0d08412068f48d8400697069bbea988194ab5502eb9cb6e3ba,create_session,gpt-5-2025-08-07,2026-01-21 05:53:00,2026-01-21 05:53:10,medium,,,14299,6784,603,512,14902,Policy created successfully
"Provision a slice for emergency response vehicle coordination, targeting uplink rates of 40 Mbps and latency under 5 ms.",type_definition,resp_0b2cc43ee1cf205900697069c69d948197bcf04acc3f620283,,gpt-5-2025-08-07,2026-01-21 05:53:10,2026-01-21 05:53:14,medium,,,259,0,137,128,396,Policy created successfully
"Provision a slice for film editors working remotely on-site, allowing 60 devices with 400 Mbps downstream per device.",intent_processing,resp_0686b2ec2946f2530069706c602a8c8190a42f312d766922b9,create_session,gpt-5-2025-08-07,2026-01-21 06:04:16,2026-01-21 06:04:22,medium,,,33088,15488,334,256,33422,Policy created successfully
"Provision a slice for film editors working remotely on-site, allowing 60 devices with 400 Mbps downstream per device.",type_definition,resp_0b8de026a4ea353b0069706c66d4e08194ab8969de981bc62c,,gpt-5-2025-08-07,2026-01-21 06:04:22,2026-01-21 06:04:25,medium,,,258,0,137,128,395,Policy created successfully
"Provision a slice for financial traders on the move, with 90 Mbps downstream per device and packet delay budget of 10 ms.",intent_processing,resp_0f43d47c0493da70006970692da0808196bdb0c845fa538774,create_session,gpt-5-2025-08-07,2026-01-21 05:50:37,2026-01-21 05:50:56,medium,,,11086,5376,1051,960,12137,Policy created successfully
"Provision a slice for financial traders on the move, with 90 Mbps downstream per device and packet delay budget of 10 ms.",type_definition,resp_04c069aeffa9a2140069706940c7cc8190be39aa6082c0f94c,,gpt-5-2025-08-07,2026-01-21 05:50:56,2026-01-21 05:51:00,medium,,,261,0,137,128,398,Policy created successfully
"Provision a slice for industrial motion control networks, requiring latency not exceeding 2 ms and uplink rates of 15 Mbps.",intent_processing,resp_0de2582fbfaebff20069706aa7d92c8197b8bf6301a6e9755f,create_session,gpt-5-2025-08-07,2026-01-21 05:56:55,2026-01-21 05:57:07,medium,,,20662,9856,731,640,21393,Policy created successfully
"Provision a slice for industrial motion control networks, requiring latency not exceeding 2 ms and uplink rates of 15 Mbps.",type_definition,resp_0b672b09e24f81350069706ab3d7c88195921e52e59edd5cdb,,gpt-5-2025-08-07,2026-01-21 05:57:07,2026-01-21 05:57:09,medium,,,260,0,73,64,333,Policy created successfully
"Provision a slice for live online education broadcasting, supporting 300 devices with downstream rates of 140 Mbps.",intent_processing,resp_0f4bad6e710339020069706ebdb2fc81939dfd21cb1a3a730c,create_session,gpt-5-2025-08-07,2026-01-21 06:14:21,2026-01-21 06:14:27,medium,,,48624,22784,206,128,48830,Policy created successfully
"Provision a slice for live online education broadcasting, supporting 300 devices with downstream rates of 140 Mbps.",type_definition,resp_0d33e72af8d631010069706ec464f48197a74845512bfd1b9e,,gpt-5-2025-08-07,2026-01-21 06:14:28,2026-01-21 06:14:31,medium,,,256,0,137,128,393,Policy created successfully
"Provision a slice for public restroom occupancy sensors, supporting 2100 devices with packet delay budget of 150 ms.",intent_processing,resp_0b2c473b17d7d3240069706d341b3481959a637b261b8d867a,create_session,gpt-5-2025-08-07,2026-01-21 06:07:48,2026-01-21 06:08:01,medium,,,39306,18816,661,576,39967,Policy created successfully
"Provision a slice for public restroom occupancy sensors, supporting 2100 devices with packet delay budget of 150 ms.",type_definition,resp_02fd44dcd1ce6cbf0069706d421c488195b0b3355faa053a93,,gpt-5-2025-08-07,2026-01-21 06:08:02,2026-01-21 06:08:06,medium,,,258,0,137,128,395,Policy created successfully
"Provision a slice for real-time traffic light coordination, requiring 10 Mbps uplink per device and packet delay budget of 6 ms.",intent_processing,resp_0fbcb8df4889110b0069706a0ce74c81939726d95045943f40,create_session,gpt-5-2025-08-07,2026-01-21 05:54:20,2026-01-21 05:54:31,medium,,,16445,7808,539,448,16984,Policy created successfully
"Provision a slice for real-time traffic light coordination, requiring 10 Mbps uplink per device and packet delay budget of 6 ms.",type_definition,resp_07499e32d05ba67e0069706a1894c08195b9b7b25af5fe7cb3,,gpt-5-2025-08-07,2026-01-21 05:54:32,2026-01-21 05:54:36,medium,,,262,0,137,128,399,Policy created successfully
"Provision a slice for smart city soil moisture probes, supporting 2000 devices with uplink rates of 500 kbps.",intent_processing,resp_0428d6fea034ca730069706f552f988196b446b6e5ad567127,create_session,gpt-5-2025-08-07,2026-01-21 06:16:53,2026-01-21 06:17:01,medium,,,52783,25216,400,320,53183,Policy created successfully
"Provision a slice for smart city soil moisture probes, supporting 2000 devices with uplink rates of 500 kbps.",type_definition,resp_0888b36393e8ba1f0069706f5e1a2c81959e29c0d540d44fe1,,gpt-5-2025-08-07,2026-01-21 06:17:02,2026-01-21 06:17:09,medium,,,260,0,265,256,525,Policy created successfully
"Provision a slice for smart greenhouse climate sensors, allowing 1600 devices with latency tolerance of 180 ms.",intent_processing,resp_066e36e982e16fcb0069706f04e5408196b472f3245480d3a8,create_session,gpt-5-2025-08-07,2026-01-21 06:15:33,2026-01-21 06:15:44,medium,,,50700,23552,597,512,51297,Policy created successfully
"Provision a slice for smart greenhouse climate sensors, allowing 1600 devices with latency tolerance of 180 ms.",type_definition,resp_0c27d733c3fe46680069706f116cd88196bb859d444a9fa0b0,,gpt-5-2025-08-07,2026-01-21 06:15:45,2026-01-21 06:15:48,medium,,,257,0,73,64,330,Policy created successfully
"Provision a slice for smart parking sensors, allowing 2500 devices with packet delay budget of 100 ms.",intent_processing,resp_0489d91f9c56811c0069706af56fdc8196b050a2416f3523e3,create_session,gpt-5-2025-08-07,2026-01-21 05:58:13,2026-01-21 05:58:22,medium,,,22764,10752,469,384,23233,Policy created successfully
"Provision a slice for smart parking sensors, allowing 2500 devices with packet delay budget of 100 ms.",type_definition,resp_05539d1a8dbd353f0069706aff2c188195887ffe3f0ea4e0b2,,gpt-5-2025-08-07,2026-01-21 05:58:23,2026-01-21 05:58:27,medium,,,257,0,73,64,330,Policy created successfully
"Provision a slice for smart water distribution sensors, allowing 2800 devices with packet delay budget of 120 ms.",intent_processing,resp_0ddbf5c20d8b6ee50069706b89b9708195a007a10d6f5accbe,create_session,gpt-5-2025-08-07,2026-01-21 06:00:41,2026-01-21 06:00:48,medium,,,26889,12800,469,384,27358,Policy created successfully
"Provision a slice for smart water distribution sensors, allowing 2800 devices with packet delay budget of 120 ms.",type_definition,resp_0da7f2f90fb77b620069706b914db08197acae0380d76f9fca,,gpt-5-2025-08-07,2026-01-21 06:00:49,2026-01-21 06:00:51,medium,,,258,0,137,128,395,Policy created successfully
"Provision a slice for structural health monitoring sensors on bridges, allowing 800 devices with packet delay budget of 150 ms.",intent_processing,resp_0e970321cd57865a0069706c18b3448197b97922740b0abcc1,create_session,gpt-5-2025-08-07,2026-01-21 06:03:04,2026-01-21 06:03:15,medium,,,31004,14080,660,576,31664,Policy created successfully
"Provision a slice for structural health monitoring sensors on bridges, allowing 800 devices with packet delay budget of 150 ms.",type_definition,resp_0fae8752fda1b8240069706c251b4481969ec245938fe29932,,gpt-5-2025-08-07,2026-01-21 06:03:17,2026-01-21 06:03:19,medium,,,259,0,73,64,332,Policy created successfully
"Provision a slice for synchronized traffic camera control, allowing 350 devices with latency under 6 ms.",intent_processing,resp_061fb346d17ae2da0069706dcc841c8197a6f9c4a24ee1fc30,create_session,gpt-5-2025-08-07,2026-01-21 06:10:20,2026-01-21 06:10:34,medium,,,42920,20480,468,384,43388,Policy created successfully
"Provision a slice for synchronized traffic camera control, allowing 350 devices with latency under 6 ms.",type_definition,resp_0e6e8b985224d3530069706ddae37081979b98f35934655b86,,gpt-5-2025-08-07,2026-01-21 06:10:34,2026-01-21 06:10:39,medium,,,255,0,265,256,520,Policy created successfully
"Provision a slice for urban telepresence kiosks, allowing 90 devices with downstream rates of 300 Mbps.",intent_processing,resp_0543691471ebbb750069706d7932588193ba813dc9d937fddc,create_session,gpt-5-2025-08-07,2026-01-21 06:08:57,2026-01-21 06:09:05,medium,,,40866,19584,462,384,41328,Policy created successfully
"Provision a slice for urban telepresence kiosks, allowing 90 devices with downstream rates of 300 Mbps.",type_definition,resp_0d348749e8f1f0b30069706d81d9b881938f9ddd9ae40dbfc6,,gpt-5-2025-08-07,2026-01-21 06:09:05,2026-01-21 06:09:08,medium,,,257,0,137,128,394,Policy created successfully
"Set up a slice for a shopping mall to improve customer mobile experience, supporting 300 devices with downstream speeds of 80 Mbps per device and a packet delay budget of 25 ms.",intent_processing,resp_0ff2d668f360ea6d00697067b4db248195909ac3c77f221033,create_session,gpt-5-2025-08-07,2026-01-21 05:44:20,2026-01-21 05:44:36,medium,,,2081,1152,923,832,3004,Policy created successfully
"Set up a slice for a shopping mall to improve customer mobile experience, supporting 300 devices with downstream speeds of 80 Mbps per device and a packet delay budget of 25 ms.",type_definition,resp_0fca1f422c34023000697067c507a881949196ec15f58de1d9,,gpt-5-2025-08-07,2026-01-21 05:44:37,2026-01-21 05:44:41,medium,,,272,0,201,192,473,Policy created successfully
"Set up a slice for remote training sessions using VR, requiring 500 Mbps downstream per device and latency capped at 8 ms.",intent_processing,resp_058435f5ba2548d700697068916d408195bc942efba3e43324,create_session,gpt-5-2025-08-07,2026-01-21 05:48:01,2026-01-21 05:48:13,medium,,,7396,3584,667,576,8063,Policy created successfully
"Set up a slice for remote training sessions using VR, requiring 500 Mbps downstream per device and latency capped at 8 ms.",type_definition,resp_0c7eaaefd44a796f006970689d80b88196b50ce2e93cc835a7,,gpt-5-2025-08-07,2026-01-21 05:48:13,2026-01-21 05:48:16,medium,,,261,0,201,192,462,Policy created successfully
