intent,response_kind,response_id,function_call_name,model,created_at,completed_at,reasoning_effort,reasoning_generate_summary,reasoning_summary,usage_input_tokens,usage_input_tokens_cached,usage_output_tokens,usage_output_tokens_reasoning,usage_total_tokens,policy_status,data_source
"Create a slice for a harbor area supporting logistics staff tablets, allowing 150 devices with downstream rates of 70 Mbps.",intent_processing,resp_03847a3693ddf8ed006975a3608e5c8195a09558fbeb5431da,create_session,gpt-5-nano-2025-08-07,2026-01-25 05:00:16,2026-01-25 05:00:25,medium,,,7569,3840,1043,960,8612,,openai-gpt-5-nano.csv
"Create a slice for a mobile esports tournament, requiring downstream rates of 250 Mbps per device and packet delay budget of 12 ms.",intent_processing,resp_095945663ec18bab006975ab8e90108196a47aba8ba82523d0,create_session,gpt-5-nano-2025-08-07,2026-01-25 05:35:11,2026-01-25 05:35:18,medium,,,31347,15488,981,896,32328,Policy created successfully,openai-gpt-5-nano.csv
"Create a slice for a mobile esports tournament, requiring downstream rates of 250 Mbps per device and packet delay budget of 12 ms.",type_definition,resp_05539d49cca16e94006975ab96bf6c8193b7ed909e353c6397,,gpt-5-nano-2025-08-07,2026-01-25 05:35:18,2026-01-25 05:35:22,medium,,,262,0,521,512,783,Policy created successfully,openai-gpt-5-nano.csv
"Create a slice for a retail analytics platform using video feeds, requiring 150 Mbps downstream and latency below 20 ms.",intent_processing,resp_0bacf8c4e0ef0a52006975a40b8da0819783e96143ee74dc21,create_session,gpt-5-nano-2025-08-07,2026-01-25 05:03:07,2026-01-25 05:03:13,medium,,,9445,4864,661,576,10106,Policy created successfully,openai-gpt-5-nano.csv
"Create a slice for a retail analytics platform using video feeds, requiring 150 Mbps downstream and latency below 20 ms.",type_definition,resp_026367a54522a090006975a4121ad08190ba1303bf1b1762fa,,gpt-5-nano-2025-08-07,2026-01-25 05:03:14,2026-01-25 05:03:16,medium,,,259,0,201,192,460,Policy created successfully,openai-gpt-5-nano.csv
"Create a slice for a sports arena during live matches, prioritizing user experience with 150 Mbps downstream per device and packet delay budget of 15 ms.",intent_processing,resp_051d6268366575d1006975a1fcd6a8819396bdc8b11ad5f210,create_session,gpt-5-nano-2025-08-07,2026-01-25 04:54:20,2026-01-25 04:54:33,medium,,,3395,1024,1109,1024,4504,Policy created successfully,openai-gpt-5-nano.csv
"Create a slice for a sports arena during live matches, prioritizing user experience with 150 Mbps downstream per device and packet delay budget of 15 ms.",type_definition,resp_058520bc448761de006975a209eac481908bcf3930a6111591,,gpt-5-nano-2025-08-07,2026-01-25 04:54:33,2026-01-25 04:54:39,medium,,,266,0,265,256,531,Policy created successfully,openai-gpt-5-nano.csv
"Create a slice for automated toll gate controls, allowing 450 devices with latency capped at 6 ms.",intent_processing,resp_0bf1274eb9049653006975afb6b7fc8197bc8ed8d795cc0134,create_session,gpt-5-nano-2025-08-07,2026-01-25 05:52:54,2026-01-25 05:53:06,medium,,,43195,20480,1294,1216,44489,Policy created successfully,openai-gpt-5-nano.csv
"Create a slice for automated toll gate controls, allowing 450 devices with latency capped at 6 ms.",type_definition,resp_0431ecdfe16881fe006975afc28f588197a092ca4abd7cf6a4,,gpt-5-nano-2025-08-07,2026-01-25 05:53:06,2026-01-25 05:53:09,medium,,,256,0,393,384,649,Policy created successfully,openai-gpt-5-nano.csv
"Create a slice for autonomous bus control systems, allowing 80 devices with latency below 5 ms and uplink rates of 30 Mbps.",intent_processing,resp_08cd95ee2ad54c2a006975a5e300688194b097dfa64612bdb3,create_session,gpt-5-nano-2025-08-07,2026-01-25 05:10:59,2026-01-25 05:11:17,medium,,,15175,7040,1749,1664,16924,Policy created successfully,openai-gpt-5-nano.csv
"Create a slice for autonomous bus control systems, allowing 80 devices with latency below 5 ms and uplink rates of 30 Mbps.",type_definition,resp_00aa9c581ca14920006975a5f65698819585268592da0c075b,,gpt-5-nano-2025-08-07,2026-01-25 05:11:18,2026-01-25 05:11:25,medium,,,263,0,457,448,720,Policy created successfully,openai-gpt-5-nano.csv
"Create a slice for autonomous ferry navigation systems, allowing 90 devices with packet delay budget of 3 ms.",intent_processing,resp_0626294b70f77e5a006975b27f7de08197aab88b333f7eafa0,create_session,gpt-5-nano-2025-08-07,2026-01-25 06:04:47,2026-01-25 06:04:59,medium,,,50893,24960,1433,1344,52326,Policy created successfully,openai-gpt-5-nano.csv
"Create a slice for autonomous ferry navigation systems, allowing 90 devices with packet delay budget of 3 ms.",type_definition,resp_02b2c166794c05d9006975b28c858c81908f22dfc3d2399d97,,gpt-5-nano-2025-08-07,2026-01-25 06:05:00,2026-01-25 06:05:02,medium,,,257,0,201,192,458,Policy created successfully,openai-gpt-5-nano.csv
"Create a slice for autonomous mining vehicles, allowing 70 devices with packet delay budget of 4 ms.",intent_processing,resp_0594a482ef175417006975a75b56308195916eb397250c3df7,create_session,gpt-5-nano-2025-08-07,2026-01-25 05:17:15,2026-01-25 05:17:24,medium,,,19297,9600,846,768,20143,Policy created successfully,openai-gpt-5-nano.csv
"Create a slice for autonomous mining vehicles, allowing 70 devices with packet delay budget of 4 ms.",type_definition,resp_0b9fbd9fc99b40ea006975a764ff448193a798e1e55948701f,,gpt-5-nano-2025-08-07,2026-01-25 05:17:25,2026-01-25 05:17:26,medium,,,256,0,201,192,457,Policy created successfully,openai-gpt-5-nano.csv
"Create a slice for city fountain control sensors, allowing 900 devices with uplink rates of 400 kbps.",intent_processing,resp_0c59215e7a44e3c5006975b0799c18819395039f0dbb34dbdc,create_session,gpt-5-nano-2025-08-07,2026-01-25 05:56:09,2026-01-25 05:56:23,medium,,,45257,21504,1434,1344,46691,Policy created successfully,openai-gpt-5-nano.csv
"Create a slice for city fountain control sensors, allowing 900 devices with uplink rates of 400 kbps.",type_definition,resp_05ab9afe0f53559c006975b087963c8193b1eb5e815f39c05f,,gpt-5-nano-2025-08-07,2026-01-25 05:56:23,2026-01-25 05:56:29,medium,,,258,0,393,384,651,Policy created successfully,openai-gpt-5-nano.csv
"Create a slice for city-wide WiMAX replacement broadband, supporting 700 devices with downstream rates of 85 Mbps.",intent_processing,resp_0e35d94a3999ca32006975aef746e48197aa70f9291baf9f8f,create_session,gpt-5-nano-2025-08-07,2026-01-25 05:49:43,2026-01-25 05:49:57,medium,,,41143,0,1486,1408,42629,Policy created successfully,openai-gpt-5-nano.csv
"Create a slice for city-wide WiMAX replacement broadband, supporting 700 devices with downstream rates of 85 Mbps.",type_definition,resp_097638834817d27a006975af05d6748190b7465cce63fb9258,,gpt-5-nano-2025-08-07,2026-01-25 05:49:57,2026-01-25 05:50:00,medium,,,258,0,265,256,523,Policy created successfully,openai-gpt-5-nano.csv
"Create a slice for cold-chain temperature sensors, supporting 1500 devices with uplink rates of 500 kbps.",intent_processing,resp_094d1b19eea3d26c006975aae050208194ab04b94f59ee3237,create_session,gpt-5-nano-2025-08-07,2026-01-25 05:32:16,2026-01-25 05:32:27,medium,,,29315,0,1040,960,30355,Policy created successfully,openai-gpt-5-nano.csv
"Create a slice for cold-chain temperature sensors, supporting 1500 devices with uplink rates of 500 kbps.",type_definition,resp_0eb27757e081ef37006975aaeba7c88197b1d650fe37f03bb9,,gpt-5-nano-2025-08-07,2026-01-25 05:32:27,2026-01-25 05:32:32,medium,,,259,0,457,448,716,Policy created successfully,openai-gpt-5-nano.csv
"Create a slice for energy consumption sensors in industrial parks, allowing 2700 devices with uplink rates of 800 kbps.",intent_processing,resp_027cda458367777f006975adb29830819093da5cdad5a9ebda,create_session,gpt-5-nano-2025-08-07,2026-01-25 05:44:18,2026-01-25 05:44:32,medium,,,37546,18560,1488,1408,39034,Policy created successfully,openai-gpt-5-nano.csv
"Create a slice for energy consumption sensors in industrial parks, allowing 2700 devices with uplink rates of 800 kbps.",type_definition,resp_0e8d67237ac373ef006975adc1649881978045c68f677da2b2,,gpt-5-nano-2025-08-07,2026-01-25 05:44:33,2026-01-25 05:44:38,medium,,,261,0,521,512,782,Policy created successfully,openai-gpt-5-nano.csv
"Create a slice for environmental sensors monitoring air quality across a city district, supporting up to 3000 devices with uplink rates of 1 Mbps per device.",intent_processing,resp_03dd3f9214f421a0006975a813816881949865d71c8dff55a3,create_session,gpt-5-nano-2025-08-07,2026-01-25 05:20:19,2026-01-25 05:20:27,medium,,,21348,10496,1103,1024,22451,Policy created successfully,openai-gpt-5-nano.csv
"Create a slice for environmental sensors monitoring air quality across a city district, supporting up to 3000 devices with uplink rates of 1 Mbps per device.",type_definition,resp_0a8dae79be881892006975a81c1e5c8195bbc0ea950dee0465,,gpt-5-nano-2025-08-07,2026-01-25 05:20:28,2026-01-25 05:20:32,medium,,,267,0,521,512,788,Policy created successfully,openai-gpt-5-nano.csv
"Create a slice for flood monitoring sensors along a river, supporting 1200 devices with uplink rates of 800 kbps.",intent_processing,resp_02bd5fe89b1d7f92006975a8c4f5c48195bdf081e262b526f8,create_session,gpt-5-nano-2025-08-07,2026-01-25 05:23:17,2026-01-25 05:23:24,medium,,,23380,11520,1040,960,24420,Policy created successfully,openai-gpt-5-nano.csv
"Create a slice for flood monitoring sensors along a river, supporting 1200 devices with uplink rates of 800 kbps.",type_definition,resp_08b27936fb31737d006975a8cd82588197b2b2eff96741656f,,gpt-5-nano-2025-08-07,2026-01-25 05:23:25,2026-01-25 05:23:32,medium,,,261,0,841,832,1102,Policy created successfully,openai-gpt-5-nano.csv
"Create a slice for immersive museum AR guides, requiring 180 Mbps downstream per device and latency of 15 ms.",intent_processing,resp_0e055cc77d60372b006975ae41dcbc8193b3c77aab71b0e99c,create_session,gpt-5-nano-2025-08-07,2026-01-25 05:46:42,2026-01-25 05:46:50,medium,,,39091,19200,853,768,39944,Policy created successfully,openai-gpt-5-nano.csv
"Create a slice for immersive museum AR guides, requiring 180 Mbps downstream per device and latency of 15 ms.",type_definition,resp_03b2eb4394fddc49006975ae4aa83481959b79ad06ecf0e683,,gpt-5-nano-2025-08-07,2026-01-25 05:46:50,2026-01-25 05:46:52,medium,,,258,0,201,192,459,Policy created successfully,openai-gpt-5-nano.csv
"Create a slice for industrial condition monitoring sensors, supporting 1600 devices with uplink rates of 1 Mbps.",intent_processing,resp_074a0c2a46855a95006975a97d931081938770ae12fa7122fe,create_session,gpt-5-nano-2025-08-07,2026-01-25 05:26:21,2026-01-25 05:26:28,medium,,,25231,12288,847,768,26078,Policy created successfully,openai-gpt-5-nano.csv
"Create a slice for industrial condition monitoring sensors, supporting 1600 devices with uplink rates of 1 Mbps.",type_definition,resp_026518a6050cafe2006975a9854f748196851f744d0aaf5aeb,,gpt-5-nano-2025-08-07,2026-01-25 05:26:29,2026-01-25 05:26:34,medium,,,258,0,521,512,779,Policy created successfully,openai-gpt-5-nano.csv
"Create a slice for maritime passenger terminals, prioritizing user experience with 90 Mbps downstream per device.",intent_processing,resp_0a0e0508d3bc000d006975ac3d733881938a299a404636e43f,create_session,gpt-5-nano-2025-08-07,2026-01-25 05:38:05,2026-01-25 05:38:19,medium,,,33417,16512,1560,1472,34977,Policy created successfully,openai-gpt-5-nano.csv
"Create a slice for maritime passenger terminals, prioritizing user experience with 90 Mbps downstream per device.",type_definition,resp_0d0b4cca1c397820006975ac4c6d288193987d5708283934d7,,gpt-5-nano-2025-08-07,2026-01-25 05:38:20,2026-01-25 05:38:22,medium,,,255,0,137,128,392,Policy created successfully,openai-gpt-5-nano.csv
"Create a slice for precision agriculture machinery control, requiring uplink rates of 20 Mbps and packet delay budget of 7 ms.",intent_processing,resp_0aae5bd899866b16006975a6a802a48197963a3a8f8d24cdf3,create_session,gpt-5-nano-2025-08-07,2026-01-25 05:14:16,2026-01-25 05:14:31,medium,,,17248,8576,1748,1664,18996,Policy created successfully,openai-gpt-5-nano.csv
"Create a slice for precision agriculture machinery control, requiring uplink rates of 20 Mbps and packet delay budget of 7 ms.",type_definition,resp_0722f71b81c16228006975a6b890008197925c07bf54865793,,gpt-5-nano-2025-08-07,2026-01-25 05:14:32,2026-01-25 05:14:36,medium,,,261,0,393,384,654,Policy created successfully,openai-gpt-5-nano.csv
"Create a slice for railway signaling systems, supporting 120 devices with latency not exceeding 4 ms.",intent_processing,resp_02995b39e1631990006975a53757c881908b51a3f4e9abc3fb,create_session,gpt-5-nano-2025-08-07,2026-01-25 05:08:07,2026-01-25 05:08:15,medium,,,13114,6528,910,832,14024,Policy created successfully,openai-gpt-5-nano.csv
"Create a slice for railway signaling systems, supporting 120 devices with latency not exceeding 4 ms.",type_definition,resp_0d50d27db230b4fa006975a5400f94819489459e5e98e86768,,gpt-5-nano-2025-08-07,2026-01-25 05:08:16,2026-01-25 05:08:17,medium,,,255,0,201,192,456,Policy created successfully,openai-gpt-5-nano.csv
"Create a slice for remote heavy machinery diagnostics, requiring downstream rates of 70 Mbps and latency of 6 ms.",intent_processing,resp_0c2edd2a462a9828006975acf417f88194813a66706c11604b,create_session,gpt-5-nano-2025-08-07,2026-01-25 05:41:08,2026-01-25 05:41:22,medium,,,35462,17536,1365,1280,36827,Policy created successfully,openai-gpt-5-nano.csv
"Create a slice for remote heavy machinery diagnostics, requiring downstream rates of 70 Mbps and latency of 6 ms.",type_definition,resp_0c6fd9aabde1f58c006975ad033898819691920c09ce906482,,gpt-5-nano-2025-08-07,2026-01-25 05:41:23,2026-01-25 05:41:28,medium,,,258,0,585,576,843,Policy created successfully,openai-gpt-5-nano.csv
"Create a slice for smart agriculture weather probes, supporting 1100 devices with uplink rates of 700 kbps.",intent_processing,resp_0bd06f912f07de47006975aa3463508190a9b91d5a52f3f3bc,create_session,gpt-5-nano-2025-08-07,2026-01-25 05:29:24,2026-01-25 05:29:31,medium,,,27269,13568,912,832,28181,Policy created successfully,openai-gpt-5-nano.csv
"Create a slice for smart agriculture weather probes, supporting 1100 devices with uplink rates of 700 kbps.",type_definition,resp_01e6d39445b7775c006975aa3c32648190ac5b202347585e3f,,gpt-5-nano-2025-08-07,2026-01-25 05:29:32,2026-01-25 05:29:35,medium,,,259,0,457,448,716,Policy created successfully,openai-gpt-5-nano.csv
"Create a slice for synchronized robotic welding, requiring uplink rates of 30 Mbps and packet delay budget of 2 ms.",intent_processing,resp_0d7f8f243e4a1495006975b1bdd180819783320f547952c3ed,create_session,gpt-5-nano-2025-08-07,2026-01-25 06:01:33,2026-01-25 06:01:53,medium,,,48812,23040,2271,2176,51083,Policy created successfully,openai-gpt-5-nano.csv
"Create a slice for synchronized robotic welding, requiring uplink rates of 30 Mbps and packet delay budget of 2 ms.",type_definition,resp_09b40e6425886778006975b1d2b98c8195b582b022b2777b10,,gpt-5-nano-2025-08-07,2026-01-25 06:01:54,2026-01-25 06:01:57,medium,,,260,0,265,256,525,Policy created successfully,openai-gpt-5-nano.csv
"Create a slice for urban drone video inspections, requiring downstream rates of 220 Mbps and latency under 15 ms.",intent_processing,resp_0d37e919b93e15ee006975b10c712881978c600c54f89b000d,create_session,gpt-5-nano-2025-08-07,2026-01-25 05:58:36,2026-01-25 05:58:44,medium,,,46784,22528,789,704,47573,Policy created successfully,openai-gpt-5-nano.csv
"Create a slice for urban drone video inspections, requiring downstream rates of 220 Mbps and latency under 15 ms.",type_definition,resp_0fc9f771e0fccedd006975b114ee708193b0325035f4e884dc,,gpt-5-nano-2025-08-07,2026-01-25 05:58:44,2026-01-25 05:58:46,medium,,,258,0,201,192,459,Policy created successfully,openai-gpt-5-nano.csv
"Create a slice to control autonomous delivery robots in an industrial zone, requiring packet delay budget of 3 ms and uplink rates of 20 Mbps per device.",intent_processing,resp_03b8001b7c560e65006975a486b8e0819393e36f2e74101c6d,create_session,gpt-5-nano-2025-08-07,2026-01-25 05:05:10,2026-01-25 05:05:23,medium,,,11019,5504,1428,1344,12447,Policy created successfully,openai-gpt-5-nano.csv
"Create a slice to control autonomous delivery robots in an industrial zone, requiring packet delay budget of 3 ms and uplink rates of 20 Mbps per device.",type_definition,resp_0a4fa01167e7d236006975a49405048196af64c92162c43254,,gpt-5-nano-2025-08-07,2026-01-25 05:05:24,2026-01-25 05:05:26,medium,,,267,0,201,192,468,Policy created successfully,openai-gpt-5-nano.csv
"Create a slice to enhance mobile broadband along a highway corridor, ensuring downstream speeds of 90 Mbps per device and latency below 30 ms.",intent_processing,resp_0262d9c26096ec1f006975a2b7ee8c8194aee9334459005b88,create_session,gpt-5-nano-2025-08-07,2026-01-25 04:57:27,2026-01-25 04:57:33,medium,,,5487,2816,725,640,6212,Policy created successfully,openai-gpt-5-nano.csv
"Create a slice to enhance mobile broadband along a highway corridor, ensuring downstream speeds of 90 Mbps per device and latency below 30 ms.",type_definition,resp_01c22f54423cba6b006975a2be6d708196b8baa6e38aecdaf0,,gpt-5-nano-2025-08-07,2026-01-25 04:57:34,2026-01-25 04:57:36,medium,,,263,0,201,192,464,Policy created successfully,openai-gpt-5-nano.csv
"Create a slice to support video journalists transmitting live footage from a downtown area, allowing up to 40 devices with downstream rates of 120 Mbps per device and a packet delay budget of 15 ms to keep streams smooth.",intent_processing,resp_0e5dad97cd792e48006975a1177de4819485a6c161101d295b,create_session,gpt-5-nano-2025-08-07,2026-01-25 04:50:31,2026-01-25 04:50:51,medium,,,967,0,2777,2688,3744,,openai-gpt-5-nano.csv
"Deploy a slice for a convention center hosting tech demos, supporting 200 devices with 200 Mbps downstream rates and packet delay budget of 10 ms.",intent_processing,resp_094fb93187f841a6006975a28ca5a8819497c15eb1710e08d0,create_session,gpt-5-nano-2025-08-07,2026-01-25 04:56:44,2026-01-25 04:56:51,medium,,,4966,2560,917,832,5883,Policy created successfully,openai-gpt-5-nano.csv
"Deploy a slice for a convention center hosting tech demos, supporting 200 devices with 200 Mbps downstream rates and packet delay budget of 10 ms.",type_definition,resp_0d711085a20d889d006975a2943d5481939e06ec906500d431,,gpt-5-nano-2025-08-07,2026-01-25 04:56:52,2026-01-25 04:56:57,medium,,,265,0,457,448,722,Policy created successfully,openai-gpt-5-nano.csv
"Deploy a slice for a media production crew using AR headsets, requiring downstream throughput of 300 Mbps per device and latency not exceeding 10 ms.",intent_processing,resp_0a3d3a5cb4b87ee4006975a1a458a4819692ad3cd9ca7b37a1,create_session,gpt-5-nano-2025-08-07,2026-01-25 04:52:52,2026-01-25 04:53:00,medium,,,2351,0,917,832,3268,Policy created successfully,openai-gpt-5-nano.csv
"Deploy a slice for a media production crew using AR headsets, requiring downstream throughput of 300 Mbps per device and latency not exceeding 10 ms.",type_definition,resp_00e3a6bae6abc96d006975a1ad7fc881958fe4ed06bf09d46d,,gpt-5-nano-2025-08-07,2026-01-25 04:53:01,2026-01-25 04:53:06,medium,,,265,0,521,512,786,Policy created successfully,openai-gpt-5-nano.csv
"Deploy a slice for automated rail switch control, supporting 700 devices with latency capped at 4 ms.",intent_processing,resp_04c7830fa260ed95006975b1912e9c81978d5931061cf674a4,create_session,gpt-5-nano-2025-08-07,2026-01-25 06:00:49,2026-01-25 06:01:00,medium,,,48301,21760,1230,1152,49531,Policy created successfully,openai-gpt-5-nano.csv
"Deploy a slice for automated rail switch control, supporting 700 devices with latency capped at 4 ms.",type_definition,resp_08702e3a37107e38006975b19d6c00819080bc9bb15bd799db,,gpt-5-nano-2025-08-07,2026-01-25 06:01:01,2026-01-25 06:01:02,medium,,,256,0,73,64,329,Policy created successfully,openai-gpt-5-nano.csv
"Deploy a slice for collaborative industrial robots, supporting 50 devices with latency capped at 2 ms.",intent_processing,resp_06b87af21af30f1a006975a679d43881969c21ef3ca948ffe5,create_session,gpt-5-nano-2025-08-07,2026-01-25 05:13:29,2026-01-25 05:13:42,medium,,,16737,8320,1166,1088,17903,Policy created successfully,openai-gpt-5-nano.csv
"Deploy a slice for collaborative industrial robots, supporting 50 devices with latency capped at 2 ms.",type_definition,resp_025dc9a268caf4e7006975a686d6148195a350f7ce386ff03d,,gpt-5-nano-2025-08-07,2026-01-25 05:13:42,2026-01-25 05:13:45,medium,,,255,0,201,192,456,Policy created successfully,openai-gpt-5-nano.csv
"Deploy a slice for collision avoidance systems at intersections, allowing 600 devices with latency under 5 ms.",intent_processing,resp_0493f635a2f17ea7006975acc49748819682aa93872138097e,create_session,gpt-5-nano-2025-08-07,2026-01-25 05:40:20,2026-01-25 05:40:34,medium,,,34948,17280,1358,1280,36306,Policy created successfully,openai-gpt-5-nano.csv
"Deploy a slice for collision avoidance systems at intersections, allowing 600 devices with latency under 5 ms.",type_definition,resp_034cb03150f19712006975acd359bc8196acf97bb28ce37ebc,,gpt-5-nano-2025-08-07,2026-01-25 05:40:35,2026-01-25 05:40:37,medium,,,256,0,201,192,457,Policy created successfully,openai-gpt-5-nano.csv
"Deploy a slice for high-resolution mobile mapping vehicles, requiring 350 Mbps uplink per device and latency of 20 ms.",intent_processing,resp_063e81722e704bce006975b2528a488197a9634e681773c40d,create_session,gpt-5-nano-2025-08-07,2026-01-25 06:04:02,2026-01-25 06:04:13,medium,,,50375,24448,1179,1088,51554,Policy created successfully,openai-gpt-5-nano.csv
"Deploy a slice for high-resolution mobile mapping vehicles, requiring 350 Mbps uplink per device and latency of 20 ms.",type_definition,resp_0bc0fa6fc4c95ab9006975b25e335081949081ae6fc00d4fd9,,gpt-5-nano-2025-08-07,2026-01-25 06:04:14,2026-01-25 06:04:15,medium,,,260,0,137,128,397,Policy created successfully,openai-gpt-5-nano.csv
"Deploy a slice for interactive advertising screens, supporting 100 devices with downstream rates of 150 Mbps.",intent_processing,resp_0426c61a05f63f4e006975ac103a7881949a7e45a131fde833,create_session,gpt-5-nano-2025-08-07,2026-01-25 05:37:20,2026-01-25 05:37:30,medium,,,32915,16000,1358,1280,34273,Policy created successfully,openai-gpt-5-nano.csv
"Deploy a slice for interactive advertising screens, supporting 100 devices with downstream rates of 150 Mbps.",type_definition,resp_0d99638af176f8a4006975ac1b98e881969dd37b5b992a39b0,,gpt-5-nano-2025-08-07,2026-01-25 05:37:31,2026-01-25 05:37:34,medium,,,255,0,265,256,520,Policy created successfully,openai-gpt-5-nano.csv
"Deploy a slice for live election coverage teams, requiring 250 Mbps uplink per device and packet delay budget of 18 ms.",intent_processing,resp_03ce0e65051811f3006975aec51a0c81939e1c52e2b593d8da,create_session,gpt-5-nano-2025-08-07,2026-01-25 05:48:53,2026-01-25 05:49:07,medium,,,40624,19712,1634,1536,42258,Policy created successfully,openai-gpt-5-nano.csv
"Deploy a slice for live election coverage teams, requiring 250 Mbps uplink per device and packet delay budget of 18 ms.",type_definition,resp_0140f81a5711e789006975aed3814081949fd7a6d301adb617,,gpt-5-nano-2025-08-07,2026-01-25 05:49:07,2026-01-25 05:49:12,medium,,,261,0,585,576,846,Policy created successfully,openai-gpt-5-nano.csv
"Deploy a slice for mobile gaming users in a city park, targeting 120 Mbps downstream per device and 10 ms latency.",intent_processing,resp_004d1ebbca715585006975a43399648190b480bc7856ceb3a0,create_session,gpt-5-nano-2025-08-07,2026-01-25 05:03:47,2026-01-25 05:03:54,medium,,,9967,5120,853,768,10820,Policy created successfully,openai-gpt-5-nano.csv
"Deploy a slice for mobile gaming users in a city park, targeting 120 Mbps downstream per device and 10 ms latency.",type_definition,resp_0c89be8b9a80f441006975a43aa1e08197a39c35673682890e,,gpt-5-nano-2025-08-07,2026-01-25 05:03:54,2026-01-25 05:03:56,medium,,,260,0,201,192,461,Policy created successfully,openai-gpt-5-nano.csv
"Deploy a slice for pipeline pressure sensors, allowing 2000 devices with latency tolerance of 180 ms.",intent_processing,resp_020885c08c84f5f6006975aa07258c819693066ff3dea33833,create_session,gpt-5-nano-2025-08-07,2026-01-25 05:28:39,2026-01-25 05:28:49,medium,,,26746,13312,1493,1408,28239,Policy created successfully,openai-gpt-5-nano.csv
"Deploy a slice for pipeline pressure sensors, allowing 2000 devices with latency tolerance of 180 ms.",type_definition,resp_0e8d71b790f0efe5006975aa1272e08195822c6f04e413ca93,,gpt-5-nano-2025-08-07,2026-01-25 05:28:50,2026-01-25 05:28:53,medium,,,256,0,265,256,521,Policy created successfully,openai-gpt-5-nano.csv
"Deploy a slice for power grid protection relays, supporting 300 devices with latency capped at 4 ms.",intent_processing,resp_0e161f4824f005e5006975a5b7c68081958c2cc77b05ba2ab3,create_session,gpt-5-nano-2025-08-07,2026-01-25 05:10:15,2026-01-25 05:10:24,medium,,,14674,7296,846,768,15520,Policy created successfully,openai-gpt-5-nano.csv
"Deploy a slice for power grid protection relays, supporting 300 devices with latency capped at 4 ms.",type_definition,resp_06c15ce558659969006975a5c172908195a3fc31c0fba77f77,,gpt-5-nano-2025-08-07,2026-01-25 05:10:25,2026-01-25 05:10:28,medium,,,257,0,201,192,458,Policy created successfully,openai-gpt-5-nano.csv
"Deploy a slice for real-time video feedback in remote inspections, requiring 80 Mbps downstream per device and latency of 5 ms.",intent_processing,resp_0dececa7868998a8006975a72cf9bc819590c95c14b6eac2cf,create_session,gpt-5-nano-2025-08-07,2026-01-25 05:16:29,2026-01-25 05:16:38,medium,,,18780,9344,1237,1152,20017,Policy created successfully,openai-gpt-5-nano.csv
"Deploy a slice for real-time video feedback in remote inspections, requiring 80 Mbps downstream per device and latency of 5 ms.",type_definition,resp_08f57ac5b170b93f006975a73718008196922387a7bf8c507f,,gpt-5-nano-2025-08-07,2026-01-25 05:16:39,2026-01-25 05:16:44,medium,,,261,0,649,640,910,Policy created successfully,openai-gpt-5-nano.csv
"Deploy a slice for remote crane operation at a port, requiring 1 ms packet delay budget and 50 Mbps downstream per device.",intent_processing,resp_046f2727a707f4a3006975a50c1c5c819497fd469f7c2998b8,create_session,gpt-5-nano-2025-08-07,2026-01-25 05:07:24,2026-01-25 05:07:34,medium,,,12599,0,1173,1088,13772,Policy created successfully,openai-gpt-5-nano.csv
"Deploy a slice for remote crane operation at a port, requiring 1 ms packet delay budget and 50 Mbps downstream per device.",type_definition,resp_01731ef9492176e6006975a5170f488197964fae829aadb9e1,,gpt-5-nano-2025-08-07,2026-01-25 05:07:35,2026-01-25 05:07:36,medium,,,261,0,137,128,398,Policy created successfully,openai-gpt-5-nano.csv
"Deploy a slice for remote surgery assistance systems, requiring downstream rates of 1 Gbps per device and packet delay budget of 1 ms.",intent_processing,resp_0984dbee43aec32b006975a7e214bc81969ed0eb73c02efafc,create_session,gpt-5-nano-2025-08-07,2026-01-25 05:19:30,2026-01-25 05:19:43,medium,,,20820,10240,1755,1664,22575,Policy created successfully,openai-gpt-5-nano.csv
"Deploy a slice for remote surgery assistance systems, requiring downstream rates of 1 Gbps per device and packet delay budget of 1 ms.",type_definition,resp_02ef674e388ddc05006975a7efdd6881959372fe62ed7b8056,,gpt-5-nano-2025-08-07,2026-01-25 05:19:43,2026-01-25 05:19:48,medium,,,263,0,457,448,720,Policy created successfully,openai-gpt-5-nano.csv
"Deploy a slice for remote vehicle diagnostics in motion, requiring uplink rates of 25 Mbps and latency of 7 ms.",intent_processing,resp_06264b57988510e7006975af885dbc8196bb0d9585d9fa032e,create_session,gpt-5-nano-2025-08-07,2026-01-25 05:52:08,2026-01-25 05:52:18,medium,,,42674,20992,1044,960,43718,Policy created successfully,openai-gpt-5-nano.csv
"Deploy a slice for remote vehicle diagnostics in motion, requiring uplink rates of 25 Mbps and latency of 7 ms.",type_definition,resp_06367002a4163a4b006975af9358408193b9ca6a4bd6686d2e,,gpt-5-nano-2025-08-07,2026-01-25 05:52:19,2026-01-25 05:52:23,medium,,,260,0,265,256,525,Policy created successfully,openai-gpt-5-nano.csv
"Deploy a slice for smart irrigation controllers, allowing 2600 devices with latency tolerance of 200 ms.",intent_processing,resp_03924b510d59cdc3006975aab78cbc819684002a205889d750,create_session,gpt-5-nano-2025-08-07,2026-01-25 05:31:35,2026-01-25 05:31:42,medium,,,28804,14336,975,896,29779,Policy created successfully,openai-gpt-5-nano.csv
"Deploy a slice for smart irrigation controllers, allowing 2600 devices with latency tolerance of 200 ms.",type_definition,resp_001231dff5f8ee24006975aabf6a6c819781fdbed55957b653,,gpt-5-nano-2025-08-07,2026-01-25 05:31:43,2026-01-25 05:31:45,medium,,,256,0,201,192,457,Policy created successfully,openai-gpt-5-nano.csv
"Deploy a slice for smart locker systems, supporting 1800 devices with latency tolerance of 150 ms.",intent_processing,resp_0714b7c6681f6ee3006975b0495d5081949211445cacbdba7c,create_session,gpt-5-nano-2025-08-07,2026-01-25 05:55:21,2026-01-25 05:55:35,medium,,,44749,0,1487,1408,46236,Policy created successfully,openai-gpt-5-nano.csv
"Deploy a slice for smart locker systems, supporting 1800 devices with latency tolerance of 150 ms.",type_definition,resp_07a6f62028870f3c006975b0587790819394fb332bfd7b1886,,gpt-5-nano-2025-08-07,2026-01-25 05:55:36,2026-01-25 05:55:38,medium,,,256,0,137,128,393,Policy created successfully,openai-gpt-5-nano.csv
"Deploy a slice for smart recycling bin sensors, allowing 2300 devices with latency tolerance of 180 ms.",intent_processing,resp_0c3d11e80492b89a006975ab64f24c819080e9544aae8facb7,create_session,gpt-5-nano-2025-08-07,2026-01-25 05:34:29,2026-01-25 05:34:35,medium,,,30841,15232,783,704,31624,Policy created successfully,openai-gpt-5-nano.csv
"Deploy a slice for smart recycling bin sensors, allowing 2300 devices with latency tolerance of 180 ms.",type_definition,resp_0600ed0045083302006975ab6ca6008197a034b5861dda4fbc,,gpt-5-nano-2025-08-07,2026-01-25 05:34:36,2026-01-25 05:34:39,medium,,,257,0,329,320,586,Policy created successfully,openai-gpt-5-nano.csv
"Deploy a slice for smart vending machine telemetry, supporting 1900 devices with latency tolerance of 200 ms.",intent_processing,resp_0d30621afc17cb57006975ad832824819783a5f7f39fc2f9b6,create_session,gpt-5-nano-2025-08-07,2026-01-25 05:43:31,2026-01-25 05:43:45,medium,,,36996,18304,1824,1728,38820,Policy created successfully,openai-gpt-5-nano.csv
"Deploy a slice for smart vending machine telemetry, supporting 1900 devices with latency tolerance of 200 ms.",type_definition,resp_06816ca74337078a006975ad9195788196a6db12d5e33bf280,,gpt-5-nano-2025-08-07,2026-01-25 05:43:45,2026-01-25 05:43:47,medium,,,257,0,265,256,522,Policy created successfully,openai-gpt-5-nano.csv
"Deploy a slice for tourists in a historical district, optimized for media consumption with 80 Mbps downstream per device and 25 ms latency.",intent_processing,resp_0a8e1617da623886006975a38824e48194a4dfd45bab191e47,create_session,gpt-5-nano-2025-08-07,2026-01-25 05:00:56,2026-01-25 05:01:06,medium,,,7903,4096,917,832,8820,Policy created successfully,openai-gpt-5-nano.csv
"Deploy a slice for tourists in a historical district, optimized for media consumption with 80 Mbps downstream per device and 25 ms latency.",type_definition,resp_09211fb20408c8bb006975a39349548190af4c084087a4c525,,gpt-5-nano-2025-08-07,2026-01-25 05:01:07,2026-01-25 05:01:09,medium,,,262,0,201,192,463,Policy created successfully,openai-gpt-5-nano.csv
"Deploy a slice for waste management sensors, allowing 1800 devices with latency tolerance of 150 ms.",intent_processing,resp_0ba91aa79305802e006975a89907588195bc578735172b02ab,create_session,gpt-5-nano-2025-08-07,2026-01-25 05:22:33,2026-01-25 05:22:42,medium,,,22872,11264,1423,1344,24295,Policy created successfully,openai-gpt-5-nano.csv
"Deploy a slice for waste management sensors, allowing 1800 devices with latency tolerance of 150 ms.",type_definition,resp_0d6c6f1234ec76bd006975a8a34c6481978d0f28ee1d9d8aa6,,gpt-5-nano-2025-08-07,2026-01-25 05:22:43,2026-01-25 05:22:46,medium,,,256,0,393,384,649,Policy created successfully,openai-gpt-5-nano.csv
"Deploy a slice for weather stations in rural areas, allowing 900 devices with latency tolerance of 250 ms.",intent_processing,resp_06fdc00b81323e37006975a94c45c48197a89cba2bcc60d319,create_session,gpt-5-nano-2025-08-07,2026-01-25 05:25:32,2026-01-25 05:25:50,medium,,,24903,0,1428,1344,26331,,openai-gpt-5-nano.csv
"Design a slice for a business district to support cloud-based applications, targeting 100 Mbps downstream per device and latency around 20 ms.",intent_processing,resp_07a7e8298bd53adb006975a260bf388195909fb1e3610a9a39,create_session,gpt-5-nano-2025-08-07,2026-01-25 04:56:00,2026-01-25 04:56:09,medium,,,4437,2304,853,768,5290,Policy created successfully,openai-gpt-5-nano.csv
"Design a slice for a business district to support cloud-based applications, targeting 100 Mbps downstream per device and latency around 20 ms.",type_definition,resp_0e1ed2f5ad2f173f006975a26a28948196a9d0a06a2c763b46,,gpt-5-nano-2025-08-07,2026-01-25 04:56:10,2026-01-25 04:56:13,medium,,,262,0,329,320,591,Policy created successfully,openai-gpt-5-nano.csv
"Establish a slice for airport ground vehicle coordination, supporting 200 devices with latency capped at 5 ms.",intent_processing,resp_03e2895d8079c576006975a7b4d94c81949bd76046199b3991,create_session,gpt-5-nano-2025-08-07,2026-01-25 05:18:44,2026-01-25 05:18:56,medium,,,20313,9984,1358,1280,21671,Policy created successfully,openai-gpt-5-nano.csv
"Establish a slice for airport ground vehicle coordination, supporting 200 devices with latency capped at 5 ms.",type_definition,resp_0d87448daaeca775006975a7c0c6508196a129c2fb54a31025,,gpt-5-nano-2025-08-07,2026-01-25 05:18:56,2026-01-25 05:18:59,medium,,,257,0,137,128,394,Policy created successfully,openai-gpt-5-nano.csv
"Establish a slice for automated guided vehicles in a factory, prioritizing ultra-low latency of 2 ms and uplink throughput of 25 Mbps.",intent_processing,resp_00a411711e453c50006975a4e13e40819784842c06d9130f57,create_session,gpt-5-nano-2025-08-07,2026-01-25 05:06:41,2026-01-25 05:06:51,medium,,,12061,6016,1307,1216,13368,Policy created successfully,openai-gpt-5-nano.csv
"Establish a slice for automated guided vehicles in a factory, prioritizing ultra-low latency of 2 ms and uplink throughput of 25 Mbps.",type_definition,resp_0f24c239ed99f195006975a4ebf6c08194ba35a919385a9875,,gpt-5-nano-2025-08-07,2026-01-25 05:06:52,2026-01-25 05:06:53,medium,,,265,0,137,128,402,Policy created successfully,openai-gpt-5-nano.csv
"Establish a slice for city bike availability sensors, allowing 3100 devices with uplink rates of 300 kbps.",intent_processing,resp_0d5337f0d17e8dfd006975ad574de08193aad7618a75a84c7a,create_session,gpt-5-nano-2025-08-07,2026-01-25 05:42:47,2026-01-25 05:42:58,medium,,,36484,18048,1424,1344,37908,Policy created successfully,openai-gpt-5-nano.csv
"Establish a slice for city bike availability sensors, allowing 3100 devices with uplink rates of 300 kbps.",type_definition,resp_00ac07abe5c64e38006975ad629b388195966532f826479cb3,,gpt-5-nano-2025-08-07,2026-01-25 05:42:58,2026-01-25 05:43:00,medium,,,260,0,201,192,461,Policy created successfully,openai-gpt-5-nano.csv
"Establish a slice for city surveillance analysts reviewing HD feeds, requiring 200 Mbps downstream and latency under 20 ms.",intent_processing,resp_0b3261fbde871a30006975abe3d4a081959bc15e8777f026e9,create_session,gpt-5-nano-2025-08-07,2026-01-25 05:36:35,2026-01-25 05:36:42,medium,,,32369,15744,800,704,33169,Policy created successfully,openai-gpt-5-nano.csv
"Establish a slice for city surveillance analysts reviewing HD feeds, requiring 200 Mbps downstream and latency under 20 ms.",type_definition,resp_0050de28dafa0c27006975abead9708197a8fb193c2d1f2015,,gpt-5-nano-2025-08-07,2026-01-25 05:36:42,2026-01-25 05:36:48,medium,,,259,0,649,640,908,Policy created successfully,openai-gpt-5-nano.csv
"Establish a slice for city-wide asset tracking tags, supporting 4200 devices with uplink rates of 400 kbps.",intent_processing,resp_0361465c3c9810b0006975ab39e8e48196a41aad9596be1c1e,create_session,gpt-5-nano-2025-08-07,2026-01-25 05:33:46,2026-01-25 05:33:54,medium,,,30335,14720,1044,960,31379,Policy created successfully,openai-gpt-5-nano.csv
"Establish a slice for city-wide asset tracking tags, supporting 4200 devices with uplink rates of 400 kbps.",type_definition,resp_0a24c16002f57be9006975ab42de308196bfd123a2b439769a,,gpt-5-nano-2025-08-07,2026-01-25 05:33:54,2026-01-25 05:33:57,medium,,,261,0,329,320,590,Policy created successfully,openai-gpt-5-nano.csv
"Establish a slice for co-working spaces, supporting 250 devices with downstream speeds of 100 Mbps per device.",intent_processing,resp_00d7ca51fcaca8c9006975a3e2f5fc8193b19b2013e487f81f,create_session,gpt-5-nano-2025-08-07,2026-01-25 05:02:27,2026-01-25 05:02:32,medium,,,8941,4608,654,576,9595,Policy created successfully,openai-gpt-5-nano.csv
"Establish a slice for co-working spaces, supporting 250 devices with downstream speeds of 100 Mbps per device.",type_definition,resp_0b8799830cd9a554006975a3e9529c81968568d7761490eddc,,gpt-5-nano-2025-08-07,2026-01-25 05:02:33,2026-01-25 05:02:36,medium,,,258,0,329,320,587,Policy created successfully,openai-gpt-5-nano.csv
"Establish a slice for commuters in a busy train station, optimized for high-capacity browsing with support for 500 devices and downstream rates of 60 Mbps per device.",intent_processing,resp_05ed53d408342466006975a1d1402c819499de41a1f83a842d,create_session,gpt-5-nano-2025-08-07,2026-01-25 04:53:37,2026-01-25 04:53:46,medium,,,2880,1280,718,640,3598,Policy created successfully,openai-gpt-5-nano.csv
"Establish a slice for commuters in a busy train station, optimized for high-capacity browsing with support for 500 devices and downstream rates of 60 Mbps per device.",type_definition,resp_0e9e57dba32a744f006975a1da95988194ad42db03fc732e44,,gpt-5-nano-2025-08-07,2026-01-25 04:53:46,2026-01-25 04:53:50,medium,,,269,0,265,256,534,Policy created successfully,openai-gpt-5-nano.csv
"Establish a slice for corporate offices using cloud desktops, with 120 Mbps downstream per device and packet delay budget of 15 ms.",intent_processing,resp_02f62e27258d5b3c006975a308bc888193b6419227c3a65640,create_session,gpt-5-nano-2025-08-07,2026-01-25 04:58:48,2026-01-25 04:59:00,medium,,,6524,3328,1365,1280,7889,Policy created successfully,openai-gpt-5-nano.csv
"Establish a slice for corporate offices using cloud desktops, with 120 Mbps downstream per device and packet delay budget of 15 ms.",type_definition,resp_0937aa64444e7294006975a314ff948195a199ce76fc256e43,,gpt-5-nano-2025-08-07,2026-01-25 04:59:02,2026-01-25 04:59:05,medium,,,262,0,393,384,655,Policy created successfully,openai-gpt-5-nano.csv
"Establish a slice for environmental radiation sensors, allowing 1000 devices with uplink rates of 700 kbps.",intent_processing,resp_0a6157099ad6a44c006975b012cfb48193a68c85213d9c76e2,create_session,gpt-5-nano-2025-08-07,2026-01-25 05:54:26,2026-01-25 05:54:45,medium,,,44243,21248,976,896,45219,Policy created successfully,openai-gpt-5-nano.csv
"Establish a slice for environmental radiation sensors, allowing 1000 devices with uplink rates of 700 kbps.",type_definition,resp_07e0c0fbdc778101006975b025db8c8196aec5bf2c8e6adef7,,gpt-5-nano-2025-08-07,2026-01-25 05:54:45,2026-01-25 05:54:50,medium,,,259,0,393,384,652,Policy created successfully,openai-gpt-5-nano.csv
"Establish a slice for industrial alarm systems, supporting 900 devices with packet delay budget of 5 ms.",intent_processing,resp_029e87b5867ef322006975af5605d4819690e4d510c5f2710d,create_session,gpt-5-nano-2025-08-07,2026-01-25 05:51:18,2026-01-25 05:51:34,medium,,,42168,20736,1881,1792,44049,Policy created successfully,openai-gpt-5-nano.csv
"Establish a slice for industrial alarm systems, supporting 900 devices with packet delay budget of 5 ms.",type_definition,resp_00c9cc65eed14883006975af670fc881958fddceb81622317a,,gpt-5-nano-2025-08-07,2026-01-25 05:51:35,2026-01-25 05:51:37,medium,,,257,0,201,192,458,Policy created successfully,openai-gpt-5-nano.csv
"Establish a slice for noise pollution monitoring units, supporting 1400 devices with uplink rates of 600 kbps.",intent_processing,resp_0019c04f509170aa006975a9dc0e288193a921407c23c8df8c,create_session,gpt-5-nano-2025-08-07,2026-01-25 05:27:56,2026-01-25 05:28:02,medium,,,26247,12800,784,704,27031,Policy created successfully,openai-gpt-5-nano.csv
"Establish a slice for noise pollution monitoring units, supporting 1400 devices with uplink rates of 600 kbps.",type_definition,resp_05841fe18a5f15c3006975a9e2fd6c8197a9fd1f5d28e44fd0,,gpt-5-nano-2025-08-07,2026-01-25 05:28:03,2026-01-25 05:28:08,medium,,,260,0,713,704,973,Policy created successfully,openai-gpt-5-nano.csv
"Establish a slice for pop-up business expos, allowing 500 devices with packet delay budget of 25 ms.",intent_processing,resp_02e43141e6a2da3e006975b15e9c64819699a5b5580484179a,create_session,gpt-5-nano-2025-08-07,2026-01-25 05:59:58,2026-01-25 06:00:07,medium,,,47798,0,974,896,48772,Policy created successfully,openai-gpt-5-nano.csv
"Establish a slice for pop-up business expos, allowing 500 devices with packet delay budget of 25 ms.",type_definition,resp_058794b494bf1196006975b16788888193b868d11627b85374,,gpt-5-nano-2025-08-07,2026-01-25 06:00:07,2026-01-25 06:00:16,medium,,,258,0,585,576,843,Policy created successfully,openai-gpt-5-nano.csv
"Establish a slice for public safety siren monitoring, supporting 1100 devices with uplink rates of 600 kbps.",intent_processing,resp_0ed2acc4ef430d4b006975b220cc808197b61e49da43cdf6ef,create_session,gpt-5-nano-2025-08-07,2026-01-25 06:03:12,2026-01-25 06:03:25,medium,,,49859,24192,1360,1280,51219,Policy created successfully,openai-gpt-5-nano.csv
"Establish a slice for public safety siren monitoring, supporting 1100 devices with uplink rates of 600 kbps.",type_definition,resp_04e1f68c5d89264e006975b22e214081958f76095391860d65,,gpt-5-nano-2025-08-07,2026-01-25 06:03:26,2026-01-25 06:03:30,medium,,,261,0,585,576,846,Policy created successfully,openai-gpt-5-nano.csv
"Establish a slice for public transportation telemetry sensors, supporting 1700 devices with uplink rates of 900 kbps.",intent_processing,resp_0dc2e38d1fa98219006975aa89658c8194876cb51f649de70a,create_session,gpt-5-nano-2025-08-07,2026-01-25 05:30:49,2026-01-25 05:30:58,medium,,,28291,14080,1051,960,29342,Policy created successfully,openai-gpt-5-nano.csv
"Establish a slice for public transportation telemetry sensors, supporting 1700 devices with uplink rates of 900 kbps.",type_definition,resp_095fcfafc37d4884006975aa935f4081968de8e09c8c11025d,,gpt-5-nano-2025-08-07,2026-01-25 05:30:59,2026-01-25 05:31:04,medium,,,260,0,713,704,973,Policy created successfully,openai-gpt-5-nano.csv
"Establish a slice for real-time map updates for ride-sharing fleets, supporting 400 devices with uplink rates of 45 Mbps.",intent_processing,resp_016750c4d846b4ce006975ae9a697c8196bac6f45ace078dc9,create_session,gpt-5-nano-2025-08-07,2026-01-25 05:48:10,2026-01-25 05:48:18,medium,,,40117,19456,910,832,41027,Policy created successfully,openai-gpt-5-nano.csv
"Establish a slice for real-time map updates for ride-sharing fleets, supporting 400 devices with uplink rates of 45 Mbps.",type_definition,resp_0b1eb9855399548c006975aea2e04081908c62f1df4c61621a,,gpt-5-nano-2025-08-07,2026-01-25 05:48:18,2026-01-25 05:48:22,medium,,,262,0,329,320,591,Policy created successfully,openai-gpt-5-nano.csv
"Establish a slice for remote medical equipment monitoring, prioritizing latency of 5 ms and downstream rates of 25 Mbps.",intent_processing,resp_087c9f20b5de5d48006975a649c3848194bea355d5b920c339,create_session,gpt-5-nano-2025-08-07,2026-01-25 05:12:41,2026-01-25 05:12:55,medium,,,16223,8064,1301,1216,17524,Policy created successfully,openai-gpt-5-nano.csv
"Establish a slice for remote medical equipment monitoring, prioritizing latency of 5 ms and downstream rates of 25 Mbps.",type_definition,resp_0f8362bdb82b1529006975a6586b6c819386e7c09dba3c8941,,gpt-5-nano-2025-08-07,2026-01-25 05:12:56,2026-01-25 05:12:58,medium,,,260,0,201,192,461,Policy created successfully,openai-gpt-5-nano.csv
"Establish a slice for robotic assembly lines, requiring downstream rates of 60 Mbps per device and packet delay budget of 3 ms.",intent_processing,resp_0b75120290b43d6e006975a58e12148196beaa5b1ecc585ad4,create_session,gpt-5-nano-2025-08-07,2026-01-25 05:09:34,2026-01-25 05:09:42,medium,,,14156,6784,917,832,15073,Policy created successfully,openai-gpt-5-nano.csv
"Establish a slice for robotic assembly lines, requiring downstream rates of 60 Mbps per device and packet delay budget of 3 ms.",type_definition,resp_06c345f1ade9ddcb006975a5973fdc81958a168a388b527444,,gpt-5-nano-2025-08-07,2026-01-25 05:09:43,2026-01-25 05:09:44,medium,,,262,0,201,192,463,Policy created successfully,openai-gpt-5-nano.csv
"Establish a slice for robotic firefighting units, requiring uplink rates of 35 Mbps and packet delay budget of 3 ms.",intent_processing,resp_04860aab7d4694fc006975ac9b0a108193aff4493dbf078437,create_session,gpt-5-nano-2025-08-07,2026-01-25 05:39:39,2026-01-25 05:39:46,medium,,,34431,17024,980,896,35411,Policy created successfully,openai-gpt-5-nano.csv
"Establish a slice for robotic firefighting units, requiring uplink rates of 35 Mbps and packet delay budget of 3 ms.",type_definition,resp_066fbcd783c00dea006975aca37838819597a1e40d4f304d9b,,gpt-5-nano-2025-08-07,2026-01-25 05:39:47,2026-01-25 05:39:49,medium,,,262,0,265,256,527,Policy created successfully,openai-gpt-5-nano.csv
"Establish a slice for smart bus stop information panels, allowing 1200 devices with uplink rates of 600 kbps.",intent_processing,resp_0f90078de2593147006975ae13f4ec81949296725396106d30,create_session,gpt-5-nano-2025-08-07,2026-01-25 05:45:56,2026-01-25 05:46:04,medium,,,38587,19072,912,832,39499,Policy created successfully,openai-gpt-5-nano.csv
"Establish a slice for smart bus stop information panels, allowing 1200 devices with uplink rates of 600 kbps.",type_definition,resp_049d4a1fe33fce54006975ae1cef408190baf3e1434d153e32,,gpt-5-nano-2025-08-07,2026-01-25 05:46:04,2026-01-25 05:46:10,medium,,,261,0,841,832,1102,Policy created successfully,openai-gpt-5-nano.csv
"Establish a slice for smart traffic sign telemetry, allowing 2400 devices with uplink rates of 500 kbps.",intent_processing,resp_0e6bb3aee0fc0efa006975b0ddd17081958b325774ba653974,create_session,gpt-5-nano-2025-08-07,2026-01-25 05:57:49,2026-01-25 05:57:59,medium,,,46274,22784,1168,1088,47442,Policy created successfully,openai-gpt-5-nano.csv
"Establish a slice for smart traffic sign telemetry, allowing 2400 devices with uplink rates of 500 kbps.",type_definition,resp_0681ee66ce758632006975b0e844848195b2357b675c0fd778,,gpt-5-nano-2025-08-07,2026-01-25 05:58:00,2026-01-25 05:58:04,medium,,,260,0,457,448,717,Policy created successfully,openai-gpt-5-nano.csv
"Establish a slice for street lighting control nodes, supporting 3500 devices with uplink rates of 300 kbps.",intent_processing,resp_040ef4500f3091c4006975a91f87648194a67b8bd3b407af0c,create_session,gpt-5-nano-2025-08-07,2026-01-25 05:24:47,2026-01-25 05:24:57,medium,,,24400,12032,1424,1344,25824,Policy created successfully,openai-gpt-5-nano.csv
"Establish a slice for street lighting control nodes, supporting 3500 devices with uplink rates of 300 kbps.",type_definition,resp_0d3d796c81d9b232006975a92aa07881979d1b4e7dce8846ce,,gpt-5-nano-2025-08-07,2026-01-25 05:24:58,2026-01-25 05:25:01,medium,,,260,0,265,256,525,Policy created successfully,openai-gpt-5-nano.csv
"Establish a slice for tunnel safety systems, supporting 400 devices with latency capped at 6 ms.",intent_processing,resp_095ec6823fc65dbf006975a704aa3081948e89359c45b31ccb,create_session,gpt-5-nano-2025-08-07,2026-01-25 05:15:48,2026-01-25 05:15:55,medium,,,18264,9088,910,832,19174,Policy created successfully,openai-gpt-5-nano.csv
"Establish a slice for tunnel safety systems, supporting 400 devices with latency capped at 6 ms.",type_definition,resp_07f946eb678703fa006975a70c3a9c819796d230d83d7ac8d9,,gpt-5-nano-2025-08-07,2026-01-25 05:15:56,2026-01-25 05:15:58,medium,,,256,0,201,192,457,Policy created successfully,openai-gpt-5-nano.csv
"Establish a slice for utility metering infrastructure, supporting 4000 devices with uplink rates of 500 kbps per device.",intent_processing,resp_040cc0f2be8aab4c006975a86d2ff081969f6c66dd8d2bb6e5,create_session,gpt-5-nano-2025-08-07,2026-01-25 05:21:49,2026-01-25 05:21:59,medium,,,22361,11008,1616,1536,23977,Policy created successfully,openai-gpt-5-nano.csv
"Establish a slice for utility metering infrastructure, supporting 4000 devices with uplink rates of 500 kbps per device.",type_definition,resp_0aaf6e185b066c35006975a87871fc81969d87a1f81f7005f4,,gpt-5-nano-2025-08-07,2026-01-25 05:22:00,2026-01-25 05:22:02,medium,,,262,0,265,256,527,Policy created successfully,openai-gpt-5-nano.csv
"Provision a slice for a TV broadcast van zone, prioritizing uplink capacity of 200 Mbps per device and packet delay budget of 12 ms.",intent_processing,resp_0de6df62ed85876a006975a3b4b2f48195b236c6b78924a31d,create_session,gpt-5-nano-2025-08-07,2026-01-25 05:01:40,2026-01-25 05:01:49,medium,,,8423,4352,980,896,9403,Policy created successfully,openai-gpt-5-nano.csv
"Provision a slice for a TV broadcast van zone, prioritizing uplink capacity of 200 Mbps per device and packet delay budget of 12 ms.",type_definition,resp_0ef0175afa716de4006975a3bd9cd08197a5b37e580c0f7836,,gpt-5-nano-2025-08-07,2026-01-25 05:01:49,2026-01-25 05:01:56,medium,,,265,0,777,768,1042,Policy created successfully,openai-gpt-5-nano.csv
"Provision a slice for a public square with heavy social media usage, supporting 600 devices and uplink rates of 35 Mbps per device.",intent_processing,resp_0e2e0ff4dcad2e21006975a2df41788194984ec5797f03fce4,create_session,gpt-5-nano-2025-08-07,2026-01-25 04:58:07,2026-01-25 04:58:15,medium,,,6002,3072,974,896,6976,Policy created successfully,openai-gpt-5-nano.csv
"Provision a slice for a public square with heavy social media usage, supporting 600 devices and uplink rates of 35 Mbps per device.",type_definition,resp_04a68139d235858a006975a2e7b5d881908aca5c84dd3f0656,,gpt-5-nano-2025-08-07,2026-01-25 04:58:15,2026-01-25 04:58:18,medium,,,263,0,265,256,528,Policy created successfully,openai-gpt-5-nano.csv
"Provision a slice for a university campus event where attendees will upload and stream media, targeting uplink rates of 50 Mbps per device and downstream rates of 100 Mbps with latency capped at 20 ms.",intent_processing,resp_01596eff695133e4006975a14af3a48190be67f6b3da8c1f1b,create_session,gpt-5-nano-2025-08-07,2026-01-25 04:51:22,2026-01-25 04:51:32,medium,,,1314,0,1223,1152,2537,Policy created successfully,openai-gpt-5-nano.csv
"Provision a slice for a university campus event where attendees will upload and stream media, targeting uplink rates of 50 Mbps per device and downstream rates of 100 Mbps with latency capped at 20 ms.",type_definition,resp_0025b13bde5e9150006975a15564688197be7c4c3bec1ca02c,,gpt-5-nano-2025-08-07,2026-01-25 04:51:33,2026-01-25 04:51:36,medium,,,276,0,329,320,605,Policy created successfully,openai-gpt-5-nano.csv
"Provision a slice for agricultural soil sensors, allowing 2200 devices with packet delay budget of 200 ms.",intent_processing,resp_0c9aaba0a65a7ca1006975a8f3c8148190b47125f3e227ff61,create_session,gpt-5-nano-2025-08-07,2026-01-25 05:24:03,2026-01-25 05:24:13,medium,,,23894,11776,1359,1280,25253,Policy created successfully,openai-gpt-5-nano.csv
"Provision a slice for agricultural soil sensors, allowing 2200 devices with packet delay budget of 200 ms.",type_definition,resp_0fd47dcaf2eb94dc006975a8fde7f08194a93f4421882adf41,,gpt-5-nano-2025-08-07,2026-01-25 05:24:13,2026-01-25 05:24:16,medium,,,257,0,329,320,586,Policy created successfully,openai-gpt-5-nano.csv
"Provision a slice for an outdoor music festival where attendees share video clips, allowing up to 800 devices with uplink rates of 40 Mbps per device.",intent_processing,resp_0bf2db7b8dc10833006975a22e89a48195b738fa84ceafc7ad,create_session,gpt-5-nano-2025-08-07,2026-01-25 04:55:10,2026-01-25 04:55:25,medium,,,3924,1792,1102,1024,5026,Policy created successfully,openai-gpt-5-nano.csv
"Provision a slice for an outdoor music festival where attendees share video clips, allowing up to 800 devices with uplink rates of 40 Mbps per device.",type_definition,resp_060a9bc722dbc1da006975a23e4fc4819683fc7891d99df89a,,gpt-5-nano-2025-08-07,2026-01-25 04:55:26,2026-01-25 04:55:30,medium,,,266,0,329,320,595,Policy created successfully,openai-gpt-5-nano.csv
"Provision a slice for automated port gate operations, supporting 250 devices with packet delay budget of 4 ms.",intent_processing,resp_08af221dc4c39dd8006975ad27eb7c81978534e383513e54eb,create_session,gpt-5-nano-2025-08-07,2026-01-25 05:41:59,2026-01-25 05:42:13,medium,,,35982,17792,1679,1600,37661,Policy created successfully,openai-gpt-5-nano.csv
"Provision a slice for automated port gate operations, supporting 250 devices with packet delay budget of 4 ms.",type_definition,resp_086bad7f225f0f1d006975ad35c9308190808f3bee788a5170,,gpt-5-nano-2025-08-07,2026-01-25 05:42:13,2026-01-25 05:42:16,medium,,,257,0,265,256,522,Policy created successfully,openai-gpt-5-nano.csv
"Provision a slice for automated train door control systems, supporting 500 devices with latency capped at 4 ms.",intent_processing,resp_0413d1ae8e85b1a7006975ac6d4c28819499eb6848dbfd1920,create_session,gpt-5-nano-2025-08-07,2026-01-25 05:38:53,2026-01-25 05:39:05,medium,,,33923,16768,1486,1408,35409,Policy created successfully,openai-gpt-5-nano.csv
"Provision a slice for automated train door control systems, supporting 500 devices with latency capped at 4 ms.",type_definition,resp_08adffff6b32ad22006975ac7a319481948cf8cdcf2b54e826,,gpt-5-nano-2025-08-07,2026-01-25 05:39:06,2026-01-25 05:39:07,medium,,,257,0,137,128,394,Policy created successfully,openai-gpt-5-nano.csv
"Provision a slice for automated warehouse sorting systems, allowing 150 devices with latency under 5 ms.",intent_processing,resp_078113261e5e0f5a006975a6db5290819586f062a286578536,create_session,gpt-5-nano-2025-08-07,2026-01-25 05:15:07,2026-01-25 05:15:14,medium,,,17767,8832,782,704,18549,Policy created successfully,openai-gpt-5-nano.csv
"Provision a slice for automated warehouse sorting systems, allowing 150 devices with latency under 5 ms.",type_definition,resp_06a146720bc67ca1006975a6e2adb08194bb42a59c50e4581d,,gpt-5-nano-2025-08-07,2026-01-25 05:15:14,2026-01-25 05:15:17,medium,,,255,0,265,256,520,Policy created successfully,openai-gpt-5-nano.csv
"Provision a slice for building management sensors in commercial zones, allowing 3200 devices with packet delay budget of 100 ms.",intent_processing,resp_09c8c316794aebfd006975aa5e7a608193b3b3bea27df14e9a,create_session,gpt-5-nano-2025-08-07,2026-01-25 05:30:06,2026-01-25 05:30:14,medium,,,27786,13824,1167,1088,28953,Policy created successfully,openai-gpt-5-nano.csv
"Provision a slice for building management sensors in commercial zones, allowing 3200 devices with packet delay budget of 100 ms.",type_definition,resp_07d5ab0f6afb88f2006975aa6716808193ae206209fce258d6,,gpt-5-nano-2025-08-07,2026-01-25 05:30:15,2026-01-25 05:30:18,medium,,,260,0,521,512,781,Policy created successfully,openai-gpt-5-nano.csv
"Provision a slice for coastal erosion monitoring sensors, supporting 1300 devices with packet delay budget of 200 ms.",intent_processing,resp_0471a519467ff510006975b0ad37c08197891a6e5e4d6fa991,create_session,gpt-5-nano-2025-08-07,2026-01-25 05:57:01,2026-01-25 05:57:14,medium,,,45769,22016,1103,1024,46872,Policy created successfully,openai-gpt-5-nano.csv
"Provision a slice for coastal erosion monitoring sensors, supporting 1300 devices with packet delay budget of 200 ms.",type_definition,resp_060f5643f504f1e7006975b0bb3b3c8196a8c754c522e7db2c,,gpt-5-nano-2025-08-07,2026-01-25 05:57:15,2026-01-25 05:57:18,medium,,,258,0,265,256,523,Policy created successfully,openai-gpt-5-nano.csv
"Provision a slice for coordinated drone light shows, supporting 500 devices with packet delay budget of 5 ms.",intent_processing,resp_09a41f90672dd5c5006975afe5b6ac81949c4f2f1f5c4a122b,create_session,gpt-5-nano-2025-08-07,2026-01-25 05:53:41,2026-01-25 05:53:53,medium,,,43695,0,1433,1344,45128,Policy created successfully,openai-gpt-5-nano.csv
"Provision a slice for coordinated drone light shows, supporting 500 devices with packet delay budget of 5 ms.",type_definition,resp_0ade1d1f9f267d89006975aff1a51c81939c0b84970519484a,,gpt-5-nano-2025-08-07,2026-01-25 05:53:53,2026-01-25 05:53:55,medium,,,257,0,137,128,394,Policy created successfully,openai-gpt-5-nano.csv
"Provision a slice for drone traffic management, supporting 60 devices with latency capped at 5 ms and downstream rates of 30 Mbps.",intent_processing,resp_0102c931cd1a404d006975a4b5017c8190b878834b5acf165d,create_session,gpt-5-nano-2025-08-07,2026-01-25 05:05:57,2026-01-25 05:06:07,medium,,,11538,5760,917,832,12455,Policy created successfully,openai-gpt-5-nano.csv
"Provision a slice for drone traffic management, supporting 60 devices with latency capped at 5 ms and downstream rates of 30 Mbps.",type_definition,resp_09dfc288fc9cced9006975a4c02734819097baa2d278f6017b,,gpt-5-nano-2025-08-07,2026-01-25 05:06:08,2026-01-25 05:06:10,medium,,,262,0,201,192,463,Policy created successfully,openai-gpt-5-nano.csv
"Provision a slice for emergency response vehicle coordination, targeting uplink rates of 40 Mbps and latency under 5 ms.",intent_processing,resp_08ad82ef963e41c3006975a560ad3481908500e4b9d0edae97,create_session,gpt-5-nano-2025-08-07,2026-01-25 05:08:48,2026-01-25 05:08:58,medium,,,13627,6272,788,704,14415,Policy created successfully,openai-gpt-5-nano.csv
"Provision a slice for emergency response vehicle coordination, targeting uplink rates of 40 Mbps and latency under 5 ms.",type_definition,resp_0e90766d8b567cb5006975a56b40588196a4d770a320236ea8,,gpt-5-nano-2025-08-07,2026-01-25 05:08:59,2026-01-25 05:09:03,medium,,,259,0,329,320,588,Policy created successfully,openai-gpt-5-nano.csv
"Provision a slice for film editors working remotely on-site, allowing 60 devices with 400 Mbps downstream per device.",intent_processing,resp_09249f6816fc4130006975abba0c108195b437b3548732aecd,create_session,gpt-5-nano-2025-08-07,2026-01-25 05:35:54,2026-01-25 05:36:02,medium,,,31865,14976,1102,1024,32967,Policy created successfully,openai-gpt-5-nano.csv
"Provision a slice for film editors working remotely on-site, allowing 60 devices with 400 Mbps downstream per device.",type_definition,resp_03ac99c48039828c006975abc29bcc8194842c91c81fb04033,,gpt-5-nano-2025-08-07,2026-01-25 05:36:02,2026-01-25 05:36:04,medium,,,258,0,201,192,459,Policy created successfully,openai-gpt-5-nano.csv
"Provision a slice for financial traders on the move, with 90 Mbps downstream per device and packet delay budget of 10 ms.",intent_processing,resp_0f022a27051a7844006975a45b7f3481968f4b03d6bdea158d,create_session,gpt-5-nano-2025-08-07,2026-01-25 05:04:27,2026-01-25 05:04:33,medium,,,10489,5376,597,512,11086,Policy created successfully,openai-gpt-5-nano.csv
"Provision a slice for financial traders on the move, with 90 Mbps downstream per device and packet delay budget of 10 ms.",type_definition,resp_0a435fa88328c2d5006975a462068881978a57b2e80d327af4,,gpt-5-nano-2025-08-07,2026-01-25 05:04:34,2026-01-25 05:04:39,medium,,,261,0,585,576,846,Policy created successfully,openai-gpt-5-nano.csv
"Provision a slice for industrial motion control networks, requiring latency not exceeding 2 ms and uplink rates of 15 Mbps.",intent_processing,resp_0d748a821cb177f4006975a7859dec819593b23dd7f5c8abaf,create_session,gpt-5-nano-2025-08-07,2026-01-25 05:17:57,2026-01-25 05:18:10,medium,,,19801,9856,1492,1408,21293,Policy created successfully,openai-gpt-5-nano.csv
"Provision a slice for industrial motion control networks, requiring latency not exceeding 2 ms and uplink rates of 15 Mbps.",type_definition,resp_08c4466a7227aa2f006975a7941954819594faa018fb85152c,,gpt-5-nano-2025-08-07,2026-01-25 05:18:12,2026-01-25 05:18:13,medium,,,260,0,137,128,397,Policy created successfully,openai-gpt-5-nano.csv
"Provision a slice for live online education broadcasting, supporting 300 devices with downstream rates of 140 Mbps.",intent_processing,resp_083123f9b6fc5a4d006975b1361d808190a7ba8a210346cb1b,create_session,gpt-5-nano-2025-08-07,2026-01-25 05:59:18,2026-01-25 05:59:24,medium,,,47292,0,665,576,47957,Policy created successfully,openai-gpt-5-nano.csv
"Provision a slice for live online education broadcasting, supporting 300 devices with downstream rates of 140 Mbps.",type_definition,resp_02d221ac0dd1e3a0006975b13d13888190984bc85117b09fc7,,gpt-5-nano-2025-08-07,2026-01-25 05:59:25,2026-01-25 05:59:27,medium,,,256,0,265,256,521,Policy created successfully,openai-gpt-5-nano.csv
"Provision a slice for public restroom occupancy sensors, supporting 2100 devices with packet delay budget of 150 ms.",intent_processing,resp_0eee3348d5600e95006975ade5f50881959ed4c574a3f5a8e4,create_session,gpt-5-nano-2025-08-07,2026-01-25 05:45:10,2026-01-25 05:45:21,medium,,,38057,18816,1365,1280,39422,Policy created successfully,openai-gpt-5-nano.csv
"Provision a slice for public restroom occupancy sensors, supporting 2100 devices with packet delay budget of 150 ms.",type_definition,resp_09fcf6367684364e006975adf180f88194b24271b2f80c33e3,,gpt-5-nano-2025-08-07,2026-01-25 05:45:21,2026-01-25 05:45:24,medium,,,258,0,393,384,651,Policy created successfully,openai-gpt-5-nano.csv
"Provision a slice for real-time traffic light coordination, requiring 10 Mbps uplink per device and packet delay budget of 6 ms.",intent_processing,resp_06aed9bbac81c001006975a61c5508819687a41ed8dea130c3,create_session,gpt-5-nano-2025-08-07,2026-01-25 05:11:56,2026-01-25 05:12:07,medium,,,15699,7808,916,832,16615,Policy created successfully,openai-gpt-5-nano.csv
"Provision a slice for real-time traffic light coordination, requiring 10 Mbps uplink per device and packet delay budget of 6 ms.",type_definition,resp_08f641bb3bf2e653006975a6283b8081958643a114fdc001a0,,gpt-5-nano-2025-08-07,2026-01-25 05:12:08,2026-01-25 05:12:11,medium,,,262,0,201,192,463,Policy created successfully,openai-gpt-5-nano.csv
"Provision a slice for smart city soil moisture probes, supporting 2000 devices with uplink rates of 500 kbps.",intent_processing,resp_0c32fa6718e9411a006975b2ad5c4881948fce6ab3cc8587fc,create_session,gpt-5-nano-2025-08-07,2026-01-25 06:05:33,2026-01-25 06:05:42,medium,,,51421,25216,912,832,52333,Policy created successfully,openai-gpt-5-nano.csv
"Provision a slice for smart city soil moisture probes, supporting 2000 devices with uplink rates of 500 kbps.",type_definition,resp_06478656f6fe6d45006975b2b69e0c8195bb7eba33885ac77c,,gpt-5-nano-2025-08-07,2026-01-25 06:05:42,2026-01-25 06:05:44,medium,,,260,0,201,192,461,Policy created successfully,openai-gpt-5-nano.csv
"Provision a slice for smart greenhouse climate sensors, allowing 1600 devices with latency tolerance of 180 ms.",intent_processing,resp_002edf1b1782564a006975b1f4460c8195883f8da0dcc3e2af,create_session,gpt-5-nano-2025-08-07,2026-01-25 06:02:28,2026-01-25 06:02:37,medium,,,49350,23296,1103,1024,50453,Policy created successfully,openai-gpt-5-nano.csv
"Provision a slice for smart greenhouse climate sensors, allowing 1600 devices with latency tolerance of 180 ms.",type_definition,resp_01e8c4c77761817f006975b1fe00088194941324609ffaf609,,gpt-5-nano-2025-08-07,2026-01-25 06:02:38,2026-01-25 06:02:41,medium,,,257,0,393,384,650,Policy created successfully,openai-gpt-5-nano.csv
"Provision a slice for smart parking sensors, allowing 2500 devices with packet delay budget of 100 ms.",intent_processing,resp_030d2712d5dbb37c006975a83f0b688196ac8ef7b0e1d37f57,create_session,gpt-5-nano-2025-08-07,2026-01-25 05:21:03,2026-01-25 05:21:15,medium,,,21856,10752,1487,1408,23343,Policy created successfully,openai-gpt-5-nano.csv
"Provision a slice for smart parking sensors, allowing 2500 devices with packet delay budget of 100 ms.",type_definition,resp_089a73d5cf56c14a006975a84c230c8197bae71aa4f3dc85f5,,gpt-5-nano-2025-08-07,2026-01-25 05:21:16,2026-01-25 05:21:18,medium,,,257,0,265,256,522,Policy created successfully,openai-gpt-5-nano.csv
"Provision a slice for smart water distribution sensors, allowing 2800 devices with packet delay budget of 120 ms.",intent_processing,resp_0941b771c4685dbf006975a9a9058481938fbe104e54f6cc65,create_session,gpt-5-nano-2025-08-07,2026-01-25 05:27:05,2026-01-25 05:27:22,medium,,,25741,12544,2319,2240,28060,Policy created successfully,openai-gpt-5-nano.csv
"Provision a slice for smart water distribution sensors, allowing 2800 devices with packet delay budget of 120 ms.",type_definition,resp_0d2d1ef21e84f9a3006975a9bb2080819591ce8f741b429091,,gpt-5-nano-2025-08-07,2026-01-25 05:27:23,2026-01-25 05:27:25,medium,,,258,0,137,128,395,Policy created successfully,openai-gpt-5-nano.csv
"Provision a slice for structural health monitoring sensors on bridges, allowing 800 devices with packet delay budget of 150 ms.",intent_processing,resp_0243e757e478e6df006975ab0f796c81938169a10a6d2c100f,create_session,gpt-5-nano-2025-08-07,2026-01-25 05:33:03,2026-01-25 05:33:10,medium,,,29825,14592,915,832,30740,Policy created successfully,openai-gpt-5-nano.csv
"Provision a slice for structural health monitoring sensors on bridges, allowing 800 devices with packet delay budget of 150 ms.",type_definition,resp_03f4f9c80f8978ce006975ab17182c819098376f3a3948bb3a,,gpt-5-nano-2025-08-07,2026-01-25 05:33:11,2026-01-25 05:33:14,medium,,,259,0,393,384,652,Policy created successfully,openai-gpt-5-nano.csv
"Provision a slice for synchronized traffic camera control, allowing 350 devices with latency under 6 ms.",intent_processing,resp_017c39a22da0b2a0006975af27673c8190b7e952010c50cd3c,create_session,gpt-5-nano-2025-08-07,2026-01-25 05:50:31,2026-01-25 05:50:43,medium,,,41639,19968,1113,1024,42752,Policy created successfully,openai-gpt-5-nano.csv
"Provision a slice for synchronized traffic camera control, allowing 350 devices with latency under 6 ms.",type_definition,resp_0e79468b6d2368e9006975af341f548197bba066dfb7d47d68,,gpt-5-nano-2025-08-07,2026-01-25 05:50:44,2026-01-25 05:50:46,medium,,,255,0,265,256,520,Policy created successfully,openai-gpt-5-nano.csv
"Provision a slice for urban telepresence kiosks, allowing 90 devices with downstream rates of 300 Mbps.",intent_processing,resp_0758508b7aacfe80006975ae6b8c988195ae56dd2ef3380ca1,create_session,gpt-5-nano-2025-08-07,2026-01-25 05:47:23,2026-01-25 05:47:36,medium,,,39610,0,1422,1344,41032,Policy created successfully,openai-gpt-5-nano.csv
"Provision a slice for urban telepresence kiosks, allowing 90 devices with downstream rates of 300 Mbps.",type_definition,resp_06d27e4272431385006975ae78d9dc8193a75c801a56f08382,,gpt-5-nano-2025-08-07,2026-01-25 05:47:36,2026-01-25 05:47:39,medium,,,257,0,265,256,522,Policy created successfully,openai-gpt-5-nano.csv
"Set up a slice for a shopping mall to improve customer mobile experience, supporting 300 devices with downstream speeds of 80 Mbps per device and a packet delay budget of 25 ms.",intent_processing,resp_06c98b42686f2cb5006975a1771d148193a01f31b9d3a906fc,create_session,gpt-5-nano-2025-08-07,2026-01-25 04:52:07,2026-01-25 04:52:16,medium,,,1820,0,1371,1280,3191,Policy created successfully,openai-gpt-5-nano.csv
"Set up a slice for a shopping mall to improve customer mobile experience, supporting 300 devices with downstream speeds of 80 Mbps per device and a packet delay budget of 25 ms.",type_definition,resp_0a7a4adca5cbc606006975a181ab5c819497ceffc609db5392,,gpt-5-nano-2025-08-07,2026-01-25 04:52:17,2026-01-25 04:52:21,medium,,,272,0,393,384,665,Policy created successfully,openai-gpt-5-nano.csv
"Set up a slice for remote training sessions using VR, requiring 500 Mbps downstream per device and latency capped at 8 ms.",intent_processing,resp_06c266b9e0c0a635006975a3387af481939832088600f51faa,create_session,gpt-5-nano-2025-08-07,2026-01-25 04:59:36,2026-01-25 04:59:42,medium,,,7046,3584,725,640,7771,Policy created successfully,openai-gpt-5-nano.csv
"Set up a slice for remote training sessions using VR, requiring 500 Mbps downstream per device and latency capped at 8 ms.",type_definition,resp_0aa5d97f744a9eea006975a33f71108194b4585d19306a2706,,gpt-5-nano-2025-08-07,2026-01-25 04:59:43,2026-01-25 04:59:45,medium,,,261,0,201,192,462,Policy created successfully,openai-gpt-5-nano.csv
